queue_length,processing_rate,active_counters,capacity,current_arrivals,hour,day_of_week,number_of_tokens,completed_tokens,waiting_time_minutes
38,2.99,5,81,3,16,6,46,8,153.26
28,9.17,5,36,11,14,4,36,8,42.78
14,6.76,4,75,12,17,4,17,3,34.44
42,6.93,5,75,3,17,5,56,14,74.73
7,6.9,3,45,9,15,3,17,10,20.86
20,4.39,2,53,6,16,2,20,0,141.21
38,9.48,5,90,8,13,5,55,17,56.57
18,9.58,3,83,1,17,4,18,0,41.5
22,7.0,3,91,11,9,0,29,7,64.66
10,8.27,3,30,13,9,6,25,15,18.67
10,6.9,3,78,0,11,5,27,17,37.26
23,5.88,4,54,1,16,1,31,8,59.13
35,7.29,3,39,6,14,2,46,11,110.32
39,6.42,4,45,12,9,6,57,18,91.91
23,6.78,4,87,9,15,5,40,17,49.85
2,8.27,3,58,5,14,4,6,4,6.24
21,5.85,2,35,3,16,4,22,1,105.97
1,2.33,3,45,0,15,2,7,6,12.42
23,3.31,3,49,12,10,1,32,9,159.38
43,5.51,3,72,0,8,5,57,14,154.96
29,7.8,2,55,4,9,5,35,6,108.78
37,6.75,1,62,14,9,3,41,4,329.88
1,7.2,1,55,0,11,0,15,14,10.14
20,5.83,4,74,11,13,4,39,19,60.3
32,6.93,4,92,14,11,5,51,19,76.62
11,4.63,2,96,6,16,5,25,14,66.44
21,5.76,5,81,12,11,6,30,9,52.18
43,7.95,1,97,10,13,6,56,13,377.46
24,8.97,4,55,0,13,5,33,9,43.05
48,5.47,1,31,0,17,1,64,16,531.35
26,2.35,2,43,1,17,0,39,13,332.87
41,3.29,2,59,12,8,5,42,1,373.46
27,2.17,5,78,13,15,2,42,15,148.33
15,7.23,5,41,10,10,4,27,12,24.49
14,4.66,2,73,11,13,3,22,8,106.64
46,6.34,4,62,9,10,6,52,6,122.83
43,5.95,1,42,2,9,2,58,15,431.55
2,2.65,3,55,12,12,4,11,9,20.32
36,5.23,5,50,10,8,6,44,8,77.01
6,3.76,3,57,14,16,1,12,6,27.31
20,5.35,4,77,0,14,6,35,15,64.47
8,3.63,5,69,14,10,0,16,8,31.3
38,8.72,3,95,8,11,0,54,16,101.64
17,3.39,4,52,9,13,4,36,19,85.51
3,9.69,1,77,7,10,2,9,6,28.96
24,5.33,4,31,4,14,3,34,10,77.03
13,8.77,5,49,12,13,1,20,7,19.76
49,7.03,2,88,10,16,4,55,6,206.71
8,7.88,1,75,1,12,1,26,18,70.4
25,8.14,3,32,4,11,0,44,19,72.47
1,6.04,5,84,5,10,5,12,11,5.9
19,6.35,2,41,13,17,5,25,6,85.35
27,6.11,4,69,14,8,3,34,7,65.53
46,6.7,2,95,0,10,1,52,6,238.05
6,2.24,5,45,10,10,4,11,5,38.81
43,5.16,5,63,3,14,3,51,8,114.93
7,6.85,2,73,8,14,6,19,12,36.89
46,6.78,4,35,1,8,6,52,6,99.32
34,8.34,2,93,4,10,2,41,7,145.26
13,7.24,5,51,0,15,5,29,16,24.52
16,9.94,5,47,3,16,4,32,16,15.29
35,4.27,3,41,3,14,1,50,15,185.26
49,4.87,3,81,5,14,3,50,1,228.12
39,5.07,1,80,9,15,4,46,7,463.5
3,5.73,5,77,8,13,3,19,16,3.38
1,8.69,3,48,2,10,3,13,12,1.65
5,3.89,2,35,8,8,3,22,17,39.96
41,8.21,4,56,5,14,1,50,9,85.97
3,5.24,2,82,6,8,4,4,1,17.94
28,6.81,4,77,11,8,0,29,1,58.43
17,7.06,3,36,9,16,0,30,13,49.94
25,4.98,1,88,1,17,1,40,15,299.2
43,6.1,2,98,10,14,6,49,6,242.19
33,5.3,2,40,9,11,1,44,11,215.35
9,2.55,2,44,13,13,5,22,13,121.93
35,5.5,4,93,5,8,3,38,3,95.57
13,2.78,3,32,5,14,4,16,3,105.34
30,5.24,2,98,1,13,4,47,17,196.61
47,6.74,2,52,1,11,2,49,2,240.47
14,6.64,1,82,13,14,2,14,0,141.46
7,7.3,1,66,1,10,0,23,16,64.77
13,2.76,3,38,9,8,2,19,6,95.29
22,7.22,3,44,11,11,2,37,15,66.28
39,4.5,5,32,0,10,0,43,4,123.14
20,5.19,1,99,4,8,5,38,18,234.92
15,8.86,5,46,7,9,6,21,6,16.57
44,2.07,4,55,1,12,0,57,13,370.34
17,6.71,5,50,12,15,6,18,1,29.98
46,6.79,2,50,14,8,2,48,2,204.5
23,5.17,5,40,4,11,4,39,16,59.86
25,3.9,3,67,11,11,2,40,15,150.35
24,3.88,4,64,7,12,3,31,7,107.99
44,9.07,2,43,9,14,6,61,17,164.93
40,5.54,5,43,13,15,6,54,14,83.21
28,4.65,4,39,4,13,3,34,6,99.55
14,5.59,4,41,1,8,3,22,8,38.13
44,7.36,2,67,2,14,5,49,5,208.1
0,3.17,5,63,14,10,1,17,17,1.95
24,5.6,4,70,5,13,3,41,17,73.63
6,6.7,4,39,10,15,6,19,13,9.96
8,9.59,1,46,10,14,4,21,13,55.52
23,4.02,4,46,4,17,6,36,13,89.27
0,4.87,1,96,10,13,6,3,3,0.0
43,5.03,5,91,3,16,5,46,3,102.92
7,6.84,5,30,3,16,1,21,14,9.05
23,4.85,5,41,4,8,1,37,14,57.87
10,6.27,3,33,1,8,3,27,17,30.53
16,8.25,5,71,8,8,2,29,13,26.4
7,7.64,4,42,1,15,6,7,0,16.06
34,5.57,2,33,9,17,0,43,9,181.61
34,8.91,1,98,1,14,2,53,19,262.81
32,6.47,3,48,9,10,2,41,9,112.19
4,6.32,5,31,13,9,1,13,9,3.34
41,2.27,5,41,8,11,1,42,1,246.29
38,9.89,2,35,13,10,5,45,7,133.11
40,2.98,2,37,2,14,5,40,0,463.48
27,3.85,3,80,14,17,1,27,0,140.74
6,2.41,1,40,9,15,4,9,3,148.25
8,7.12,5,92,6,13,4,14,6,18.3
7,3.8,3,86,3,10,0,15,8,42.59
11,3.44,4,41,12,13,1,26,15,57.27
33,2.71,4,31,12,9,3,37,4,177.44
32,2.83,3,37,5,14,5,33,1,248.63
47,6.68,5,40,13,17,1,57,10,85.32
22,7.51,3,82,3,14,4,39,17,63.14
23,5.18,5,39,9,11,1,41,18,60.65
36,5.84,2,37,14,15,4,48,12,184.05
34,7.49,3,65,6,11,1,44,10,109.2
43,2.14,5,43,0,14,6,62,19,278.61
39,4.59,3,83,2,11,3,57,18,196.13
21,9.78,3,50,12,12,0,37,16,51.87
26,6.64,5,79,2,14,6,30,4,55.13
34,4.03,5,68,0,17,3,46,12,99.77
0,6.17,1,49,5,10,4,19,19,3.21
34,4.74,3,36,14,17,5,34,0,140.09
36,6.26,4,38,12,12,5,45,9,100.2
46,3.01,3,30,10,10,2,53,7,347.33
13,3.06,3,55,13,12,3,20,7,98.27
2,3.15,5,67,8,10,1,20,18,9.35
0,9.52,3,67,7,17,0,5,5,5.03
4,7.86,3,90,10,14,1,15,11,7.01
25,3.3,4,73,6,8,1,31,6,111.87
13,3.51,5,73,9,16,3,28,15,46.95
38,7.85,3,91,7,16,0,46,8,97.86
26,3.25,2,35,5,12,2,35,9,276.6
8,3.88,1,46,8,16,6,17,9,120.95
14,9.71,4,80,2,17,1,23,9,19.86
14,4.04,3,67,14,13,0,33,19,83.39
25,7.29,2,53,9,12,2,40,15,118.11
41,9.83,3,80,9,10,6,41,0,97.07
12,4.99,3,39,8,15,1,28,16,47.71
31,2.14,5,50,3,11,0,44,13,196.35
38,3.95,5,99,6,17,6,56,18,118.15
48,8.65,5,86,14,10,3,64,16,78.11
31,8.92,2,68,12,13,5,44,13,126.86
3,8.15,3,62,8,15,5,10,7,4.32
29,2.9,1,88,1,16,1,37,8,601.46
36,8.36,4,47,1,13,1,43,7,70.31
22,9.35,5,85,8,12,6,34,12,32.94
38,6.8,5,86,11,9,0,54,16,69.94
44,9.53,3,77,12,9,5,62,18,86.15
14,8.61,3,71,2,16,1,20,6,31.89
42,7.34,2,56,8,9,2,58,16,170.07
28,6.62,2,81,12,9,1,28,0,124.83
35,4.79,5,71,14,10,5,39,4,102.02
12,3.27,3,61,4,10,4,17,5,87.65
31,6.84,1,55,5,11,5,32,1,312.34
6,4.54,4,54,1,14,2,21,15,23.39
21,8.93,3,52,7,16,0,25,4,47.37
27,9.95,3,86,10,9,2,31,4,54.29
1,8.02,2,81,8,11,4,12,11,1.03
41,2.72,4,60,1,16,4,43,2,229.11
44,4.31,5,93,5,9,1,59,15,123.41
5,2.87,3,62,5,17,1,10,5,35.99
27,7.2,5,31,7,8,5,41,14,42.55
27,8.12,3,47,9,17,3,41,14,65.11
43,9.41,5,76,11,15,2,58,15,54.33
43,5.51,4,62,4,16,5,62,19,112.56
19,9.21,2,64,8,14,3,31,12,66.1
29,9.02,4,80,0,15,5,40,11,46.41
10,4.54,1,47,8,11,4,19,9,153.63
27,8.95,2,59,9,11,1,40,13,102.1
24,5.01,4,73,6,9,1,25,1,68.87
38,4.37,1,82,3,15,5,40,2,518.7
32,7.19,3,39,2,9,1,40,8,87.61
0,4.63,3,81,13,16,0,10,10,0.0
26,7.04,5,78,9,11,5,36,10,57.45
12,6.88,2,40,14,8,4,21,9,55.5
40,6.51,3,95,10,11,6,53,13,144.45
2,5.04,2,87,13,10,5,10,8,17.19
38,6.39,3,65,5,13,5,57,19,133.82
5,6.77,5,62,11,14,1,14,9,6.52
7,6.37,4,76,12,15,4,15,8,13.17
26,5.56,5,42,0,9,5,30,4,60.17
8,2.12,1,69,2,13,1,15,7,259.06
36,6.7,3,97,1,13,2,46,10,119.89
32,3.35,1,71,10,17,4,32,0,572.26
41,7.14,1,48,12,12,3,50,9,395.47
43,8.07,2,48,8,17,0,43,0,160.56
23,6.0,3,87,2,17,3,29,6,77.37
14,6.34,1,52,12,14,6,27,13,149.91
31,9.61,4,83,1,10,4,35,4,57.69
31,8.78,1,94,3,11,5,47,16,241.78
23,9.31,4,41,14,17,1,28,5,36.57
40,8.51,2,53,13,16,6,55,15,143.07
48,2.87,1,63,1,11,4,58,10,1151.54
48,3.19,5,82,0,10,0,57,9,205.81
11,6.21,2,37,5,9,4,25,14,54.89
38,3.97,4,47,14,12,6,44,6,162.6
1,5.81,2,86,9,11,1,2,1,4.78
2,5.15,1,34,7,15,3,13,11,24.95
48,6.4,3,55,9,14,2,66,18,178.79
36,7.98,3,59,9,13,3,47,11,105.64
48,7.72,4,83,1,9,1,63,15,94.63
16,6.17,4,42,13,10,6,21,5,46.33
48,8.58,3,58,8,17,1,50,2,108.68
1,5.45,4,32,14,16,0,2,1,3.1
1,9.17,2,87,12,16,4,20,19,3.18
27,2.57,5,31,2,12,4,31,4,145.93
22,9.64,5,57,7,10,3,32,10,31.85
36,7.24,2,31,11,9,6,38,2,150.36
31,5.04,5,36,7,15,2,33,2,72.87
32,3.58,1,55,14,13,2,36,4,617.41
0,5.83,2,45,2,17,0,10,10,0.0
18,3.56,4,52,2,14,1,20,2,86.35
1,3.33,2,69,11,8,0,13,12,13.18
43,6.94,3,89,14,8,4,50,7,124.9
25,6.18,4,61,5,17,5,44,19,60.57
31,7.36,3,44,0,9,5,40,9,89.92
5,9.44,4,42,3,17,5,6,1,3.87
31,6.26,5,34,0,10,1,34,3,65.03
3,6.65,2,81,13,8,0,20,17,18.68
10,2.72,1,70,2,12,6,28,18,254.09
16,7.74,4,82,8,10,3,19,3,34.93
37,5.2,4,79,13,8,4,56,19,103.15
23,9.81,3,44,13,15,5,31,8,48.22
4,8.59,5,36,4,13,6,19,15,8.06
33,6.18,3,69,11,16,2,38,5,103.52
5,2.99,3,57,4,10,0,8,3,38.1
21,8.88,5,61,10,16,4,29,8,27.39
10,8.4,1,44,3,16,4,22,12,72.21
47,3.48,3,99,2,8,2,55,8,267.02
15,4.36,3,94,4,10,2,20,5,82.84
32,8.35,4,33,14,13,2,50,18,68.88
8,3.48,5,40,13,15,5,21,13,26.48
5,9.34,2,55,10,11,5,19,14,17.82
15,5.4,1,90,3,12,0,17,2,191.39
28,2.7,1,66,7,16,2,32,4,620.74
2,8.53,5,52,3,13,3,19,17,1.91
19,4.99,4,69,10,14,4,32,13,64.9
35,6.21,4,52,11,14,2,50,15,102.03
18,2.9,5,45,7,11,4,31,13,88.54
25,2.02,4,90,5,11,1,33,8,216.22
2,7.1,1,97,14,11,6,16,14,20.54
18,6.12,1,60,13,12,1,24,6,199.54
19,6.75,2,82,11,12,2,32,13,97.01
31,8.35,5,54,10,15,4,36,5,47.46
6,7.17,3,73,4,16,6,20,14,12.95
40,3.4,3,41,3,9,1,59,19,237.33
32,4.89,2,38,3,14,2,39,7,232.91
39,9.25,2,41,11,8,4,40,1,129.71
38,8.16,4,98,3,8,2,45,7,74.1
17,6.45,2,83,10,11,5,17,0,91.54
39,4.05,2,83,12,17,4,55,16,292.14
0,4.42,3,57,12,14,1,18,18,0.0
10,7.86,4,85,8,9,2,14,4,21.48
27,8.81,2,98,3,9,1,46,19,93.91
24,7.37,2,87,11,8,2,39,15,98.54
49,8.48,4,71,8,17,0,55,6,90.66
22,8.13,5,67,12,9,1,28,6,30.84
30,3.2,4,97,9,14,1,47,17,161.28
29,5.39,3,82,5,16,3,46,17,107.86
41,3.22,5,62,9,13,6,42,1,172.41
34,3.88,1,85,12,17,5,48,14,526.2
6,8.95,4,80,6,9,1,19,13,4.89
15,5.78,3,72,11,17,4,32,17,55.02
25,6.28,5,44,9,17,6,33,8,47.89
47,3.43,4,67,2,16,2,60,13,204.12
48,4.5,2,44,7,14,0,52,4,365.65
1,3.84,4,34,2,8,4,11,10,3.2
0,3.65,1,83,0,16,6,7,7,2.06
47,7.1,4,80,12,9,4,51,4,100.89
11,4.06,5,39,12,11,4,21,10,35.32
4,7.06,5,41,9,16,4,8,4,4.26
36,2.47,4,33,11,11,6,52,16,253.63
31,3.13,5,47,4,10,0,34,3,134.33
8,4.2,2,65,1,8,3,22,14,57.37
40,6.78,4,54,9,14,5,58,18,102.2
34,7.41,2,65,13,13,1,35,1,159.31
18,5.54,2,96,5,17,6,34,16,100.02
47,5.57,3,38,12,11,4,58,11,190.41
15,7.8,4,90,9,13,1,31,16,27.46
2,2.13,5,82,8,13,6,11,9,11.28
19,4.73,2,47,0,11,1,36,17,144.03
23,8.55,3,72,13,13,4,41,18,67.94
32,6.83,4,64,12,17,3,49,17,75.82
23,4.7,4,92,3,15,6,35,12,72.86
10,9.24,1,33,14,10,1,23,13,69.3
48,8.18,1,70,0,11,2,63,15,397.81
7,4.12,2,74,0,17,1,24,17,49.14
35,7.16,1,79,7,8,5,52,17,292.61
37,6.77,2,57,13,11,4,52,15,192.57
39,5.21,5,71,13,17,0,55,16,92.44
19,4.94,2,98,12,17,1,25,6,116.17
34,4.75,1,30,13,16,3,45,11,426.94
47,6.94,5,68,10,15,2,48,1,78.42
24,5.54,1,46,14,11,2,33,9,299.72
34,8.65,2,64,1,14,0,38,4,137.62
24,7.36,3,75,0,17,5,26,2,66.42
28,2.56,4,71,10,10,0,46,18,185.61
17,7.12,1,68,7,16,5,29,12,145.18
45,4.17,2,78,3,17,1,56,11,325.08
17,6.74,5,91,2,11,4,19,2,31.58
1,7.44,1,67,12,9,3,6,5,5.71
34,3.85,1,52,11,17,2,47,13,532.4
15,5.65,4,51,3,12,0,18,3,45.05
40,3.52,2,33,13,9,3,52,12,345.43
35,2.42,3,78,10,17,5,53,18,290.91
32,5.03,5,88,4,13,4,49,17,86.37
3,4.9,2,97,0,17,2,5,2,18.32
32,9.96,5,31,14,8,2,51,19,38.73
13,5.57,1,78,13,13,5,18,5,158.83
20,4.67,4,60,10,11,4,35,15,71.16
47,6.64,4,69,0,10,2,66,19,124.14
19,2.71,3,77,2,9,4,21,2,142.75
7,9.69,4,80,5,14,2,18,11,14.27
6,7.08,1,72,0,16,1,24,18,55.4
2,8.04,3,84,13,10,5,20,18,4.1
16,3.36,2,78,10,13,4,19,3,169.12
32,5.28,4,86,11,16,3,32,0,88.28
47,5.38,3,44,14,9,1,48,1,171.63
11,8.57,1,56,1,14,6,23,12,83.24
21,2.01,5,97,14,12,3,33,12,142.85
21,4.41,5,93,11,12,5,22,1,64.25
45,9.85,1,59,13,14,2,63,18,316.81
29,5.8,1,65,6,16,6,44,15,300.78
37,5.06,5,96,13,11,3,48,11,97.33
37,2.96,3,78,13,16,1,37,0,248.94
44,9.79,5,84,0,17,6,52,8,52.8
7,2.16,1,85,12,16,6,23,16,189.1
26,7.9,4,97,13,11,4,35,9,53.85
26,8.15,2,73,14,10,0,43,17,107.77
33,3.95,4,60,6,9,3,51,18,129.64
20,7.37,4,87,14,16,0,26,6,41.27
29,2.74,1,82,3,9,5,47,18,636.23
32,4.06,5,52,9,13,3,46,14,104.37
27,8.3,3,57,13,12,3,35,8,78.37
46,8.92,4,45,5,12,4,55,9,92.89
32,6.87,5,66,13,11,2,51,19,58.3
4,6.05,3,50,7,13,1,23,19,13.08
47,3.27,4,46,8,12,1,50,3,249.09
18,2.5,3,66,5,11,1,23,5,167.21
3,2.94,5,48,11,16,5,6,3,10.2
34,3.82,2,59,10,13,6,38,4,306.24
48,4.73,5,74,12,17,2,56,8,119.9
16,5.05,1,47,14,17,0,27,11,190.53
43,4.77,3,91,13,17,1,50,7,183.86
27,3.91,2,65,8,10,0,31,4,235.77
29,6.08,3,81,3,17,2,39,10,98.43
28,8.6,3,48,5,13,5,38,10,72.52
45,4.24,4,73,7,8,2,57,12,156.74
5,9.54,1,36,8,12,4,18,13,38.62
34,8.99,3,73,2,17,6,41,7,78.43
40,3.29,5,97,1,13,1,57,17,170.13
36,8.29,5,63,5,15,5,54,18,48.16
23,6.6,4,95,3,16,4,34,11,50.9
28,6.53,1,98,0,10,1,39,11,298.22
48,5.13,1,84,7,9,2,65,17,561.71
45,6.01,5,39,8,11,2,54,9,100.12
30,5.18,2,71,13,15,3,36,6,175.21
34,6.32,4,70,8,15,3,51,17,78.58
32,7.02,4,98,1,10,2,43,11,83.98
20,7.39,5,39,8,11,2,33,13,41.96
31,6.26,5,39,6,10,0,45,14,70.15
22,7.77,2,89,4,17,6,37,15,89.01
32,3.13,2,80,6,9,0,33,1,306.88
2,3.7,1,50,12,11,6,19,17,39.64
17,8.55,4,37,8,13,4,28,11,38.73
24,4.58,4,94,7,12,3,39,15,91.13
41,2.18,5,59,5,10,3,53,12,258.4
30,3.23,1,78,12,9,2,49,19,552.1
2,3.79,4,38,3,16,2,18,16,7.67
39,9.66,1,46,12,8,4,56,17,244.74
45,6.58,1,98,14,16,5,47,2,412.9
23,9.46,5,87,0,8,5,32,9,30.68
49,6.6,1,86,5,14,5,49,0,510.55
31,5.83,2,91,2,13,3,36,5,177.37
46,4.51,2,81,5,14,0,48,2,350.41
21,6.85,3,90,5,10,5,39,18,69.59
22,3.11,5,69,13,10,1,25,3,96.57
1,9.19,3,67,3,8,4,20,19,4.03
26,8.63,2,72,1,11,5,28,2,109.84
41,4.54,3,92,14,9,1,48,7,180.98
1,9.62,5,48,8,17,5,8,7,0.6
25,8.6,5,79,1,15,0,31,6,34.1
16,7.33,1,62,2,10,0,17,1,150.98
39,2.97,4,42,9,14,5,44,5,223.72
32,5.83,1,91,0,14,1,47,15,379.36
8,6.05,5,72,6,16,4,17,9,17.22
42,3.86,2,78,14,13,1,45,3,375.98
47,2.64,2,65,0,8,4,59,12,535.52
38,8.21,1,39,10,15,5,47,9,278.88
28,2.98,5,35,8,8,4,41,13,107.58
41,6.75,2,86,10,10,2,49,8,211.33
25,9.49,5,30,10,12,3,35,10,34.33
34,9.01,2,87,0,15,6,51,17,109.93
49,4.22,5,50,4,16,3,59,10,135.96
24,8.81,3,85,6,14,0,40,16,63.95
23,2.0,5,49,2,16,2,24,1,137.15
12,2.14,5,83,8,10,3,14,2,72.28
6,6.82,1,54,7,12,5,16,10,62.13
35,4.92,3,57,12,17,4,52,17,138.0
44,5.09,4,34,14,15,4,46,2,130.04
19,6.52,1,50,2,8,1,33,14,175.68
0,3.53,4,47,14,15,1,10,10,2.66
7,3.69,2,76,4,14,4,17,10,70.72
45,5.88,4,99,6,8,5,64,19,110.76
15,8.03,5,86,11,17,4,25,10,22.25
13,6.96,4,48,13,17,1,31,18,27.2
11,4.38,1,94,3,13,3,11,0,174.63
22,5.44,1,32,4,8,0,26,4,243.17
14,3.37,4,71,2,9,1,23,9,61.34
27,2.6,1,50,8,12,5,36,9,716.03
33,8.26,1,69,9,9,3,46,13,236.31
1,4.12,4,96,8,17,3,2,1,6.6
31,3.42,3,54,6,8,3,34,3,182.55
22,7.53,3,84,9,13,2,23,1,69.92
21,6.94,2,81,1,15,2,38,17,89.79
24,7.07,1,73,6,15,6,36,12,201.84
21,3.83,4,85,6,15,3,39,18,78.99
21,3.86,1,84,10,13,5,25,4,376.35
48,3.77,5,99,4,10,4,67,19,172.75
41,3.39,1,95,8,8,5,42,1,731.21
5,7.25,1,48,12,9,2,15,10,37.48
14,8.78,3,36,11,12,1,31,17,37.48
42,7.79,4,92,10,17,6,47,5,85.53
36,8.34,1,71,2,12,2,45,9,299.76
32,5.24,3,71,3,17,4,48,16,122.7
7,7.23,2,88,0,8,0,17,10,26.13
43,4.83,3,49,5,8,6,61,18,173.77
43,6.2,3,46,3,16,2,59,16,140.93
4,5.85,3,56,0,9,5,7,3,18.19
38,3.42,1,76,1,14,6,51,13,766.45
3,5.1,1,31,14,17,5,22,19,31.9
5,9.71,2,92,2,11,3,8,3,10.39
44,3.99,5,91,8,14,3,57,13,149.29
31,3.07,5,48,12,15,3,34,3,120.81
29,5.35,5,46,7,12,6,34,5,79.62
46,8.32,2,98,6,8,0,54,8,167.83
34,6.66,5,68,12,11,4,45,11,71.4
39,7.45,5,68,14,17,6,46,7,61.64
15,3.52,3,65,10,10,1,18,3,96.33
12,6.95,1,69,11,17,5,16,4,107.79
49,4.59,1,74,13,12,5,54,5,737.52
41,8.67,3,33,3,17,6,45,4,88.22
29,7.03,3,54,0,17,6,47,18,80.43
18,3.59,3,98,7,13,4,25,7,112.72
16,2.52,1,59,3,9,0,24,8,379.78
18,2.34,5,97,2,14,6,32,14,107.79
27,4.97,3,58,8,10,3,30,3,124.6
25,4.13,2,97,9,8,4,33,8,181.51
36,7.17,3,80,3,17,1,42,6,104.38
25,5.99,4,53,3,10,3,32,7,69.85
22,4.13,3,43,13,16,1,36,14,112.18
8,3.19,1,98,8,17,2,26,18,148.27
11,3.02,3,47,12,13,1,25,14,84.11
0,8.92,4,71,11,13,3,4,4,0.0
0,3.95,2,86,10,11,2,18,18,0.37
46,7.21,5,41,11,15,3,52,6,77.85
33,8.49,3,46,13,12,5,38,5,90.75
31,6.91,4,59,1,14,3,49,18,75.1
47,8.88,4,52,13,16,2,63,16,76.05
24,5.14,2,30,11,12,1,33,9,168.63
39,9.65,1,61,4,12,5,57,18,277.41
44,3.07,3,38,14,11,0,54,10,332.26
0,2.82,4,44,3,13,0,14,14,0.0
15,7.27,2,57,8,9,0,24,9,61.06
38,9.54,5,53,11,10,0,48,10,54.57
4,8.47,4,89,4,8,4,6,2,8.5
21,2.61,2,64,8,9,0,23,2,233.09
28,4.23,1,56,10,9,2,45,17,397.2
2,9.44,1,49,8,15,6,12,10,9.26
11,4.02,4,94,13,15,0,30,19,41.97
25,8.25,4,78,1,9,3,42,17,42.35
15,8.6,3,30,13,13,6,29,14,37.54
36,5.96,2,39,14,12,0,42,6,207.44
21,5.09,4,76,8,10,6,30,9,68.0
28,5.6,3,88,2,12,1,47,19,113.55
13,3.82,3,91,3,12,2,22,9,74.78
27,9.12,4,47,0,12,2,39,12,45.6
4,5.6,1,75,13,10,6,18,14,52.3
46,9.06,2,61,0,10,5,63,17,171.28
48,2.85,2,56,0,11,4,51,3,581.43
29,9.91,1,47,8,14,3,48,19,204.25
45,5.55,4,68,10,9,6,61,16,119.86
4,2.38,2,78,7,17,2,6,2,47.89
11,2.3,4,73,4,11,1,12,1,83.03
15,7.97,4,83,4,11,0,18,3,35.82
25,7.27,3,63,8,8,2,25,0,65.25
25,8.42,1,65,2,17,1,39,14,177.76
47,2.84,4,47,2,15,0,47,0,242.79
20,2.28,5,67,6,8,4,25,5,103.87
38,6.07,1,88,8,15,2,44,6,375.8
35,5.1,2,38,5,14,2,53,18,234.17
32,5.7,3,80,13,16,6,43,11,111.0
29,9.93,2,64,1,15,6,29,0,83.36
36,9.77,2,34,0,12,1,42,6,127.41
22,9.54,1,43,1,15,5,40,18,141.55
9,8.27,2,59,13,17,6,21,12,29.35
4,4.84,4,33,13,10,3,15,11,12.39
35,5.3,2,68,0,17,4,46,11,199.73
33,6.4,3,93,9,14,3,45,12,122.29
30,8.64,3,54,9,11,2,43,13,75.34
9,2.55,5,57,8,12,3,20,11,48.21
18,5.39,3,95,14,16,0,37,19,67.59
31,2.66,2,51,9,14,4,42,11,401.62
0,6.12,3,60,14,11,3,5,5,0.0
4,9.19,1,52,11,13,0,13,9,31.53
44,8.26,3,77,13,17,1,63,19,111.1
3,3.82,4,49,12,14,3,11,8,13.89
15,9.81,1,67,7,17,4,16,1,88.67
23,7.34,5,84,14,16,0,29,6,36.07
15,2.08,4,97,6,11,3,23,8,129.5
1,4.04,2,30,14,17,1,12,11,10.15
48,4.09,2,36,2,10,3,52,4,407.24
27,2.55,2,86,7,15,0,27,0,318.21
31,9.68,4,41,1,8,3,45,14,46.06
26,5.83,4,34,1,16,4,33,7,66.34
19,9.17,4,79,10,8,2,19,0,30.86
23,4.58,1,71,9,9,0,40,17,303.11
11,3.0,1,41,2,15,0,23,12,224.39
49,5.79,2,47,6,16,0,49,0,257.04
34,2.91,3,95,0,14,0,38,4,264.32
32,5.89,2,46,7,10,3,49,17,188.17
32,9.36,5,97,11,14,4,47,15,49.38
42,6.17,1,91,6,13,1,51,9,471.84
36,6.93,4,70,3,9,4,39,3,76.01
11,3.25,1,63,13,10,0,11,0,242.06
2,2.35,4,99,14,17,5,9,7,8.94
0,2.89,5,74,4,17,3,4,4,0.0
32,6.79,5,87,9,12,5,33,1,65.75
39,2.76,1,80,12,17,3,55,16,854.15
9,5.01,4,63,0,11,0,15,6,28.49
42,6.4,5,73,3,9,3,58,16,77.94
43,5.11,2,44,14,11,0,48,5,293.59
28,3.31,2,99,0,15,4,42,14,253.76
12,4.19,4,79,0,12,6,16,4,48.4
11,9.43,1,61,9,12,2,25,14,82.21
30,7.41,5,96,0,17,3,47,17,49.41
45,5.97,1,32,6,10,0,62,17,523.33
1,2.1,2,80,6,15,5,6,5,18.15
49,9.94,5,96,3,13,0,50,1,68.95
34,7.37,1,77,14,9,5,50,16,277.61
22,4.54,3,46,12,9,3,25,3,97.66
16,9.03,4,36,11,16,1,27,11,28.03
25,4.07,4,42,1,14,5,43,18,106.19
7,6.35,3,95,11,17,0,8,1,22.04
28,7.09,2,33,2,16,3,29,1,122.09
25,3.77,5,39,7,13,0,38,13,96.1
9,9.83,4,46,12,12,1,23,14,11.28
25,7.99,3,81,7,8,2,44,19,62.64
33,6.46,3,35,10,13,6,34,1,115.38
40,3.44,2,98,10,13,6,43,3,399.68
6,2.43,2,38,5,10,1,24,18,86.36
3,4.56,1,50,14,10,4,11,8,47.4
49,8.03,4,53,9,10,3,55,6,104.98
44,4.15,1,33,8,10,1,56,12,725.01
10,6.32,3,53,10,14,2,21,11,33.52
28,7.82,5,88,11,17,0,30,2,45.64
35,2.86,5,32,8,9,3,47,12,138.45
24,7.48,2,97,3,17,5,38,14,99.79
20,2.73,5,69,11,17,1,33,13,89.32
35,9.72,5,77,0,9,2,43,8,47.15
9,5.91,5,83,0,10,1,21,12,20.43
36,3.21,3,64,14,17,4,39,3,218.44
8,4.74,5,85,11,14,6,15,7,24.59
23,5.31,5,69,9,10,6,25,2,63.63
34,8.07,5,97,14,14,3,35,1,60.95
48,7.95,1,75,4,16,0,66,18,360.4
34,6.9,3,42,13,17,2,41,7,98.87
47,2.85,2,56,12,11,1,63,16,567.86
35,3.21,1,35,1,14,3,47,12,749.28
17,2.75,4,46,14,16,1,23,6,95.59
48,6.62,3,65,5,15,3,56,8,141.48
38,9.02,3,31,6,15,6,49,11,81.6
31,5.47,4,81,0,16,4,44,13,81.69
23,3.29,4,95,5,12,1,36,13,116.24
22,6.46,4,81,7,12,4,36,14,59.15
31,8.49,2,72,11,10,5,33,2,129.4
36,7.93,5,51,4,12,5,50,14,62.06
11,9.05,3,84,13,15,6,29,18,19.79
48,4.22,5,96,11,12,2,67,19,159.37
12,3.55,5,89,6,11,4,25,13,51.68
22,9.04,4,87,9,15,3,29,7,34.57
24,7.26,2,41,5,14,2,28,4,112.61
34,4.49,1,98,3,13,1,52,18,524.34
40,7.94,2,68,14,12,1,43,3,178.7
29,8.52,5,42,14,12,3,42,13,45.41
16,6.92,2,70,6,17,0,31,15,65.37
48,7.5,4,86,9,9,0,67,19,97.85
19,5.0,1,82,8,11,1,24,5,264.49
47,6.31,4,41,9,15,6,52,5,111.75
24,6.19,1,42,9,15,6,26,2,230.84
21,8.78,5,86,12,8,3,35,14,31.67
12,8.72,1,69,6,9,0,14,2,84.16
18,8.66,1,74,11,12,4,28,10,141.09
48,2.09,1,64,13,16,1,50,2,1379.29
35,8.0,2,32,4,17,5,44,9,127.25
11,8.07,2,34,6,14,4,28,17,49.09
40,7.43,5,40,2,17,3,40,0,63.84
18,8.05,1,85,1,12,5,33,15,152.98
11,8.74,3,39,10,8,4,26,15,25.09
8,5.76,5,63,14,13,0,17,9,19.28
6,6.02,1,96,4,15,6,6,0,62.52
27,3.0,1,60,3,14,0,30,3,623.25
13,5.08,2,95,4,9,5,15,2,76.26
30,7.15,5,99,7,12,2,34,4,60.22
18,8.24,1,70,11,11,6,29,11,151.87
46,3.74,1,92,3,16,1,57,11,737.15
15,3.1,5,61,14,17,5,27,12,57.64
4,7.3,3,49,8,8,3,15,11,10.51
34,2.02,5,86,6,13,1,49,15,234.36
11,3.43,5,79,9,10,4,23,12,43.19
24,2.23,3,54,12,16,6,28,4,213.83
20,3.34,5,41,11,12,3,23,3,88.66
35,3.45,1,68,6,13,3,49,14,702.71
22,5.1,5,46,14,16,0,33,11,49.47
15,5.22,3,74,12,16,4,33,18,59.2
38,8.99,4,40,12,15,0,56,18,63.73
44,6.08,5,99,7,16,0,54,10,88.0
41,7.79,2,52,11,11,6,46,5,182.06
38,2.83,1,99,5,13,2,46,8,929.06
13,3.8,1,67,7,12,0,13,0,236.87
30,7.62,2,31,2,12,1,41,11,135.58
4,2.42,2,66,9,11,3,17,13,60.09
34,5.89,5,78,9,9,6,39,5,69.94
22,6.79,2,81,13,13,0,22,0,112.07
28,6.82,4,62,0,16,5,29,1,62.55
42,2.18,3,51,5,8,1,52,10,384.43
10,4.58,2,34,0,14,4,12,2,75.41
17,7.09,2,47,8,13,3,26,9,80.94
46,3.19,4,67,13,10,6,51,5,246.34
11,7.56,1,66,1,8,5,16,5,84.27
8,7.97,1,93,10,11,6,27,19,65.11
9,9.86,5,39,1,16,6,10,1,8.32
43,3.68,4,71,6,9,5,52,9,174.81
16,8.6,3,77,1,10,4,21,5,43.09
37,6.16,3,73,9,9,5,53,16,119.27
6,4.99,4,45,7,9,1,19,13,10.98
45,2.98,3,83,5,17,6,49,4,306.84
12,7.88,1,64,13,15,4,28,16,94.58
39,3.89,3,57,6,10,6,40,1,232.11
41,4.97,3,31,6,14,5,49,8,195.41
8,2.5,4,42,5,15,4,19,11,45.06
49,8.41,4,70,9,10,4,67,18,106.16
26,8.13,3,88,10,9,0,32,6,61.04
1,7.87,2,98,8,15,0,9,8,4.53
4,4.4,4,82,12,10,0,19,15,11.88
28,3.39,5,74,8,14,5,47,19,114.1
36,7.1,5,49,14,8,3,46,10,62.0
37,5.97,1,53,6,13,1,48,11,427.22
18,3.43,3,90,8,16,5,32,14,107.22
7,7.49,2,87,12,10,6,24,17,32.55
47,9.93,1,56,9,14,0,65,18,325.05
44,7.98,3,55,2,13,4,59,15,125.15
0,7.92,4,36,2,15,5,14,14,2.43
21,9.6,5,71,0,10,4,25,4,28.22
16,3.62,2,76,4,10,6,26,10,155.09
6,6.52,5,82,14,11,4,20,14,16.36
24,9.84,4,88,3,10,4,41,17,37.08
44,3.32,3,67,1,16,2,56,12,268.27
3,7.6,4,98,8,11,3,6,3,12.99
35,6.69,4,82,2,13,1,51,16,91.05
5,6.69,5,44,14,15,1,8,3,10.76
30,7.58,2,55,7,15,0,45,15,121.82
18,9.44,4,77,5,12,2,32,14,32.08
43,8.26,5,48,13,12,5,56,13,72.38
38,2.45,2,38,12,13,5,49,11,531.36
26,8.82,3,93,4,17,1,28,2,59.36
9,3.8,3,83,0,14,3,18,9,55.91
25,5.02,1,80,3,17,4,32,7,300.63
18,5.69,5,68,2,14,6,23,5,46.82
38,5.85,2,33,0,11,0,51,13,221.88
2,5.48,4,32,11,13,3,18,16,4.7
44,9.5,3,93,14,14,1,62,18,112.23
12,7.65,2,58,4,12,2,27,15,53.68
49,7.05,5,40,5,12,0,63,14,96.52
27,2.4,1,87,1,9,1,41,14,675.15
19,9.23,3,56,14,14,5,19,0,44.87
27,9.28,2,50,13,13,0,38,11,105.3
7,8.24,2,68,2,8,1,16,9,23.9
40,2.06,2,75,10,11,5,53,13,667.75
38,2.46,5,95,13,10,6,47,9,211.97
0,3.8,5,65,14,10,5,9,9,0.0
2,3.05,5,94,5,14,4,21,19,7.09
12,5.19,4,92,3,17,2,22,10,31.77
27,9.38,2,64,8,11,4,42,15,101.15
48,5.78,3,60,4,15,1,56,8,164.17
24,2.11,5,57,3,16,6,38,14,139.34
32,4.26,5,30,1,10,3,45,13,107.81
37,2.36,2,54,5,12,6,55,18,543.98
5,2.29,5,72,9,11,6,13,8,29.48
43,4.21,4,96,1,17,6,46,3,153.78
44,4.2,4,92,11,13,4,50,6,175.93
31,8.3,5,80,12,17,3,38,7,44.43
44,9.8,2,31,6,11,5,51,7,152.34
46,4.97,2,93,2,15,1,64,18,279.77
20,5.43,2,98,8,10,2,34,14,134.76
15,8.76,1,38,10,12,3,30,15,119.67
20,4.15,5,31,4,8,1,28,8,51.93
10,3.25,2,63,7,13,3,21,11,105.04
36,8.82,4,89,10,12,4,51,15,70.74
35,2.37,3,90,5,15,1,38,3,295.37
34,6.96,3,60,13,16,4,38,4,95.54
18,6.5,2,39,11,15,0,25,7,83.86
19,4.77,3,65,9,15,1,19,0,75.98
17,4.52,3,78,7,10,3,22,5,83.64
46,8.17,1,99,12,11,0,60,14,390.2
40,2.69,4,78,12,11,4,43,3,253.33
48,3.89,4,32,10,12,4,58,10,214.23
13,7.86,1,34,11,16,3,17,4,95.13
14,6.39,1,90,2,16,0,31,17,136.82
30,3.02,3,55,2,17,6,44,14,196.1
0,9.06,5,34,4,8,5,17,17,0.0
2,5.15,3,44,10,15,2,21,19,8.76
15,8.62,1,45,9,8,3,27,12,102.68
22,8.3,4,30,2,9,4,26,4,40.18
10,7.0,3,45,7,14,1,10,0,34.6
11,5.96,5,66,9,15,0,28,17,25.04
9,9.84,3,32,12,8,5,22,13,20.67
31,3.16,2,81,11,10,2,35,4,337.96
15,7.8,3,76,13,14,1,20,5,43.78
7,3.53,1,42,7,16,0,22,15,126.04
37,4.71,4,84,1,15,5,48,11,120.78
11,4.47,4,50,11,15,3,30,19,34.15
23,9.58,1,95,3,16,5,40,17,144.41
27,9.74,2,83,9,17,3,28,1,82.17
7,3.46,1,56,12,10,6,19,12,139.02
27,2.18,3,67,0,15,0,43,16,244.44
35,7.76,1,87,3,8,5,51,16,269.38
25,5.34,1,91,11,15,2,40,15,286.13
7,2.71,2,75,12,14,5,24,17,90.83
49,7.47,3,40,12,15,0,56,7,123.72
27,6.36,5,37,10,8,1,29,2,54.59
27,9.84,5,93,12,13,1,43,16,41.12
36,3.82,4,50,3,14,5,53,17,161.52
40,5.23,1,92,9,12,5,45,5,529.69
35,6.34,4,93,8,12,3,42,7,92.65
26,8.33,2,49,14,14,0,38,12,106.23
16,6.39,5,37,2,10,3,23,7,39.05
8,6.9,1,87,14,13,2,26,18,79.15
32,3.81,2,75,1,14,6,37,5,284.22
19,8.78,2,60,8,8,1,33,14,64.76
12,5.43,1,38,8,9,4,21,9,132.38
27,3.13,2,44,0,11,4,43,16,301.42
47,7.31,1,55,5,15,0,47,0,385.63
28,3.73,1,39,9,17,0,34,6,449.29
12,2.78,3,58,7,13,4,24,12,102.4
45,8.9,4,65,2,8,0,47,2,76.24
34,5.68,2,66,10,17,1,52,18,177.29
5,7.99,2,52,8,12,2,19,14,25.04
17,4.32,3,70,1,14,2,21,4,90.99
4,8.3,3,57,5,13,3,14,10,11.1
46,2.9,3,77,0,16,1,63,17,318.27
24,4.85,5,67,12,15,6,26,2,56.2
1,9.82,5,60,6,11,0,6,5,0.0
9,8.35,5,43,2,12,0,11,2,14.88
29,5.98,1,58,6,14,6,33,4,334.14
49,4.72,2,80,3,15,3,57,8,315.38
44,8.98,4,78,8,12,3,62,18,85.2
4,6.36,1,72,4,16,0,16,12,40.31
32,8.07,2,34,2,17,0,37,5,119.03
0,8.03,2,71,14,11,6,10,10,3.17
17,2.14,3,36,7,11,1,30,13,183.6
31,3.01,3,71,5,15,6,36,5,206.02
46,7.28,1,65,1,8,3,51,5,379.24
48,3.29,3,56,2,15,6,64,16,288.67
10,4.04,2,87,7,12,6,20,10,86.83
20,9.57,3,75,14,8,6,34,14,41.66
25,6.48,5,95,9,11,1,33,8,51.72
24,8.01,3,54,6,9,5,40,16,63.28
21,6.46,2,56,9,11,0,27,6,108.33
26,6.42,1,30,5,15,4,32,6,241.72
48,2.75,4,71,13,12,6,48,0,303.82
12,4.75,3,81,0,8,4,19,7,51.48
32,4.26,2,54,8,14,5,36,4,259.04
33,5.13,4,83,2,8,0,51,18,97.32
40,8.39,4,96,13,16,3,47,7,72.08
34,4.98,5,35,4,10,4,50,16,89.75
0,5.61,4,87,6,10,3,18,18,0.0
20,5.18,2,99,14,13,4,31,11,138.08
47,2.75,2,82,6,17,3,61,14,511.26
5,5.53,3,95,2,13,6,8,3,19.85
27,3.56,3,87,14,13,4,38,11,172.57
16,3.49,3,31,3,8,3,28,12,91.33
4,2.75,4,51,9,12,5,17,13,23.32
30,4.85,4,66,6,13,1,34,4,108.09
4,8.06,5,49,7,15,3,19,15,6.55
37,4.21,3,53,1,8,1,43,6,178.03
2,4.5,1,94,8,12,1,16,14,27.52
22,7.14,5,94,6,10,0,34,12,41.49
36,3.57,1,30,12,9,6,51,15,604.92
36,9.18,4,32,7,15,5,47,11,60.22
9,6.16,5,75,5,14,1,15,6,17.78
9,5.58,5,84,5,17,2,24,15,22.1
18,6.46,2,93,8,14,6,30,12,99.65
16,3.33,4,74,3,12,1,18,2,79.96
20,6.91,4,55,10,16,3,34,14,41.96
13,4.9,5,94,10,12,1,15,2,34.98
8,9.18,4,53,4,9,3,14,6,20.97
45,3.35,5,64,8,10,3,62,17,184.04
0,6.06,2,53,0,11,2,13,13,5.03
44,6.78,5,57,3,12,1,61,17,85.69
12,2.27,4,45,6,10,1,30,18,88.34
3,4.91,4,88,10,14,4,16,13,8.48
0,7.86,5,83,14,12,6,19,19,0.0
48,8.56,5,45,8,12,4,53,5,76.55
39,4.51,5,44,14,13,0,46,7,117.33
31,8.39,3,40,13,14,3,37,6,82.54
33,9.74,4,94,12,17,2,52,19,54.29
27,8.85,4,97,10,17,4,44,17,49.41
30,2.94,3,72,11,15,1,47,17,206.85
7,7.92,5,98,12,16,0,21,14,12.18
38,4.56,2,42,9,11,2,57,19,287.95
25,9.91,5,39,5,12,5,43,18,33.33
33,5.88,5,70,11,12,1,34,1,74.55
2,2.98,3,79,7,15,1,9,7,14.51
49,7.8,4,88,12,16,5,59,10,90.69
11,4.58,5,68,8,14,3,28,17,30.13
0,9.98,4,32,9,12,3,12,12,3.46
43,9.84,1,36,3,10,4,51,8,307.28
4,7.25,4,78,0,8,4,12,8,9.46
29,3.04,2,55,13,16,1,45,16,289.63
29,7.49,2,62,7,12,6,35,6,132.75
16,2.74,5,77,1,16,1,24,8,65.95
47,2.23,4,31,10,17,4,47,0,317.28
46,8.58,5,61,0,11,5,47,1,75.66
22,3.68,3,33,12,12,4,25,3,137.79
14,5.03,2,49,6,11,1,27,13,95.25
36,9.79,5,65,11,9,2,39,3,47.02
20,4.69,3,61,9,8,1,21,1,82.24
13,4.37,5,57,8,15,2,20,7,33.36
1,9.35,4,30,10,11,2,18,17,0.0
10,2.89,4,89,14,12,1,28,18,60.03
38,8.08,4,85,11,13,6,51,13,77.9
37,9.9,4,64,11,15,6,56,19,53.98
33,9.21,1,59,8,15,0,42,9,212.86
37,7.21,3,83,2,14,4,53,16,117.19
49,4.51,3,65,5,11,6,56,7,245.29
33,4.03,4,84,6,13,3,46,13,141.35
17,8.55,1,87,13,11,1,24,7,140.87
29,9.04,4,94,9,14,2,33,4,55.75
14,6.2,1,98,8,8,1,29,15,140.03
26,3.95,4,80,14,12,4,33,7,117.41
33,2.9,2,51,1,17,5,42,9,343.3
37,2.7,2,82,7,17,6,44,7,411.73
32,7.75,5,65,13,11,6,40,8,57.03
23,5.36,4,97,6,14,6,40,17,76.3
14,9.24,3,65,3,16,2,16,2,29.12
29,7.92,5,81,1,12,3,45,16,44.9
41,3.53,2,82,7,11,3,60,19,402.17
16,6.91,4,79,10,16,6,30,14,31.34
4,5.48,5,70,4,12,3,20,16,7.18
28,6.62,4,47,5,16,5,35,7,63.46
3,7.9,2,51,13,15,6,4,1,11.1
9,8.45,5,95,10,11,0,25,16,10.46
16,8.75,2,50,6,14,2,33,17,63.58
9,4.03,1,73,14,12,5,13,4,156.92
16,2.25,2,76,14,17,2,24,8,210.05
19,7.91,4,68,9,11,6,27,8,45.23
23,2.85,3,58,0,12,5,24,1,180.88
4,4.52,2,83,7,12,6,5,1,36.89
33,2.03,3,46,3,16,5,51,18,323.8
5,7.45,1,89,12,16,6,7,2,40.69
1,3.34,5,60,8,13,0,17,16,0.0
12,7.24,5,78,0,11,2,25,13,22.68
42,9.93,3,31,10,9,5,55,13,85.24
42,2.58,5,77,1,10,0,55,13,224.27
47,2.62,2,43,13,9,1,52,5,537.17
10,4.72,3,88,5,12,6,12,2,45.86
46,8.93,4,87,10,13,4,46,0,92.24
22,3.72,2,87,9,12,5,37,15,203.89
15,4.88,2,80,10,9,3,18,3,96.78
30,2.55,2,31,13,12,0,30,0,404.61
10,8.11,4,70,0,16,0,26,16,17.2
15,5.27,1,45,3,11,5,32,17,198.97
7,8.07,5,33,7,17,0,14,7,5.53
3,9.23,3,41,14,9,1,4,1,2.86
39,3.86,1,58,9,10,0,56,17,700.06
3,8.46,3,36,4,10,4,18,15,4.64
24,2.47,5,43,12,16,4,33,9,111.01
2,9.19,4,41,8,11,6,9,7,9.36
31,7.21,2,34,10,8,6,42,11,124.88
2,8.99,2,61,10,8,3,17,15,7.22
26,2.0,4,72,5,14,1,37,11,224.29
28,3.35,1,98,0,14,4,38,10,567.83
31,5.12,1,74,5,9,5,50,19,362.62
49,5.04,3,38,5,16,2,67,18,195.94
18,3.81,4,78,12,16,2,18,0,71.86
20,5.05,1,62,5,12,2,22,2,275.82
4,3.03,4,47,7,10,6,15,11,21.6
17,5.3,5,38,14,10,5,25,8,46.38
27,8.42,2,91,5,10,0,31,4,108.58
41,5.83,2,86,4,13,5,41,0,238.29
21,2.14,2,58,14,11,0,30,9,334.03
20,5.37,4,54,10,15,2,36,16,51.46
5,2.22,4,44,1,12,3,8,3,41.93
0,9.73,3,35,3,8,3,14,14,0.0
4,3.02,2,71,13,16,0,22,18,40.56
40,7.66,3,58,14,8,2,47,7,103.62
11,9.78,2,33,9,13,5,25,14,38.49
25,8.61,3,86,4,8,3,31,6,62.17
45,7.59,3,78,9,10,0,59,14,134.97
33,8.72,5,73,3,17,5,40,7,47.27
48,9.85,3,43,1,12,2,57,9,112.14
13,6.97,4,32,6,17,1,30,17,27.52
25,6.47,3,91,9,14,2,28,3,95.72
44,7.03,2,93,9,17,6,58,14,183.55
26,6.26,3,74,1,15,2,36,10,86.92
8,7.08,1,87,0,16,5,10,2,69.76
25,5.6,2,49,13,13,5,39,14,152.61
46,3.75,1,87,4,16,4,48,2,741.37
21,2.96,2,86,11,15,4,35,14,207.15
46,2.55,4,97,12,16,5,51,5,269.37
29,4.11,4,81,0,17,5,29,0,102.3
42,2.37,4,66,0,11,1,55,13,307.06
47,6.54,1,37,14,16,1,62,15,428.03
16,4.27,5,73,0,14,2,16,0,53.0
25,8.6,2,34,5,12,6,41,16,99.77
35,2.59,4,98,8,12,3,42,7,231.32
0,3.81,2,60,9,8,6,17,17,1.17
7,7.84,1,74,12,9,1,22,15,52.75
48,6.79,5,38,10,17,2,53,5,81.56
34,2.52,1,61,11,10,6,43,9,940.86
14,9.02,2,62,0,15,0,23,9,45.11
46,9.02,5,96,4,13,4,50,4,63.74
21,4.64,5,59,14,17,6,32,11,51.75
13,4.72,1,58,8,12,3,32,19,186.11
25,9.91,4,32,13,8,2,41,16,40.31
27,7.01,2,86,8,16,6,40,13,116.52
22,6.25,3,59,0,10,5,35,13,82.15
13,8.71,3,38,7,10,0,15,2,33.24
23,4.28,1,55,0,9,4,34,11,321.42
1,5.43,2,31,14,11,0,20,19,5.24
44,4.14,2,91,7,9,2,61,17,318.43
25,8.31,1,32,0,16,1,36,11,182.94
13,6.59,2,75,11,17,4,14,1,60.22
6,7.27,4,97,4,14,0,7,1,15.74
2,4.02,1,54,7,15,1,18,16,31.36
46,3.76,4,80,5,10,3,55,9,213.59
22,5.91,2,42,8,13,2,39,17,129.36
45,7.9,1,73,0,17,2,63,18,342.83
42,6.2,2,64,8,13,4,42,0,237.2
46,2.26,1,84,0,8,0,49,3,1218.61
44,8.95,2,38,9,13,3,47,3,167.07
17,2.52,4,31,9,10,5,18,1,112.93
37,9.65,4,90,2,10,4,55,18,66.71
34,2.2,2,70,0,10,5,45,11,527.35
14,7.56,1,73,2,17,4,23,9,112.56
24,2.66,3,93,11,17,0,36,12,180.28
36,9.29,4,60,10,15,3,55,19,61.56
27,5.72,4,76,12,12,0,41,14,79.47
9,3.1,3,31,1,11,2,11,2,66.16
38,4.73,2,98,1,16,5,57,19,244.56
16,3.32,1,87,8,16,1,28,12,293.43
38,3.36,2,73,7,8,6,45,7,336.78
21,9.58,5,85,0,9,2,27,6,26.84
25,5.56,4,72,11,15,2,32,7,68.31
43,8.31,5,63,13,12,5,60,17,72.53
24,7.12,4,59,3,14,4,32,8,57.38
16,7.41,4,99,12,8,2,21,5,36.23
12,3.05,5,84,0,17,6,15,3,41.49
19,3.87,5,96,0,12,3,33,14,66.43
24,8.29,2,42,11,10,2,28,4,101.17
3,9.77,5,32,11,17,3,7,4,5.06
9,4.1,2,55,3,9,0,15,6,69.89
2,4.17,2,86,1,9,4,10,8,17.97
40,5.78,2,53,2,16,3,46,6,206.64
44,9.87,4,82,10,11,2,52,8,80.79
17,4.15,4,99,8,11,4,36,19,68.49
46,5.26,5,72,1,14,6,55,9,123.57
35,9.13,4,89,3,17,4,38,3,62.92
46,2.02,5,87,0,17,3,51,5,276.46
21,2.32,4,78,1,9,3,34,13,136.2
33,6.83,1,71,4,10,1,41,8,332.26
46,9.26,1,95,13,10,1,46,0,338.21
7,3.91,5,40,9,13,4,23,16,25.63
39,5.76,4,47,14,10,5,51,12,113.51
48,5.6,4,81,0,12,5,54,6,145.38
43,5.78,2,75,10,11,1,51,8,252.92
18,6.98,3,73,6,10,2,28,10,57.93
41,5.76,5,51,3,15,0,43,2,85.36
40,5.58,3,82,5,17,4,51,11,144.2
36,5.79,3,88,7,10,0,38,2,141.1
5,6.73,5,59,12,13,1,19,14,13.47
25,6.3,4,37,5,14,3,34,9,67.87
33,8.83,5,86,13,14,6,33,0,49.19
44,2.4,3,49,1,9,4,57,13,367.96
5,8.67,4,54,0,10,1,24,19,15.84
36,8.75,1,48,7,17,2,41,5,247.82
32,4.28,5,34,7,17,6,33,1,88.65
21,5.7,5,56,8,11,4,28,7,46.23
20,5.51,4,69,5,14,4,20,0,61.97
5,3.75,1,55,11,9,5,8,3,80.75
5,5.17,1,56,0,10,3,8,3,65.51
47,2.36,4,91,13,14,4,51,4,339.26
3,4.22,2,79,8,14,3,22,19,21.96
29,8.53,5,71,11,17,1,37,8,45.14
10,4.28,5,58,12,10,2,22,12,36.57
29,8.55,3,68,14,8,6,46,17,65.21
30,6.25,4,89,13,10,6,46,16,84.78
23,9.04,3,70,2,12,2,23,0,54.99
8,6.6,3,62,10,14,4,22,14,32.1
2,2.24,1,45,5,11,4,3,1,62.42
30,7.4,5,52,9,8,1,45,15,51.48
39,2.36,3,36,12,13,5,58,19,375.13
36,5.6,1,55,9,9,5,40,4,387.42
35,9.44,4,41,14,10,5,53,18,63.96
23,3.32,3,34,10,11,3,27,4,161.81
30,5.12,5,98,11,13,5,31,1,83.62
5,7.84,3,78,13,13,2,11,6,14.87
1,9.06,4,55,14,14,6,3,2,0.1
19,7.37,3,34,8,12,6,35,16,61.65
27,4.07,5,51,10,14,3,29,2,91.47
10,7.4,1,42,12,9,1,22,12,78.5
3,4.37,5,57,2,8,2,9,6,5.47
14,7.75,1,62,4,17,6,16,2,103.99
5,9.63,2,52,12,15,2,19,14,14.04
48,7.77,5,47,13,8,6,65,17,77.43
29,8.9,5,59,4,9,0,38,9,39.62
37,2.02,4,55,9,17,1,43,6,273.59
1,7.74,3,45,6,13,1,9,8,5.39
14,8.64,1,68,3,8,0,18,4,94.76
10,2.32,1,62,10,17,3,29,19,258.41
7,8.97,4,55,3,10,6,14,7,12.92
25,4.05,4,77,6,14,6,38,13,108.73
44,7.32,3,94,8,15,6,47,3,115.45
43,8.4,3,67,14,11,5,62,19,115.15
4,7.3,5,31,10,10,5,17,13,2.65
5,2.74,2,35,3,8,5,16,11,54.0
25,6.77,3,75,3,16,5,26,1,77.48
3,6.4,4,79,5,17,5,15,12,5.52
18,9.2,3,67,5,13,0,18,0,43.46
19,5.23,1,47,6,13,1,38,19,253.1
32,4.57,2,56,14,16,3,38,6,213.33
19,8.0,5,70,0,8,2,27,8,28.24
48,5.3,1,46,12,13,5,64,16,626.79
11,7.17,1,91,10,12,0,23,12,102.65
46,7.17,2,58,13,13,6,55,9,225.42
0,9.1,5,87,2,15,3,15,15,6.45
25,6.79,4,99,8,12,3,30,5,65.08
13,6.02,5,51,5,9,3,28,15,19.67
37,3.11,3,35,5,9,0,47,10,236.19
36,2.93,1,55,4,17,2,55,19,740.07
10,3.23,3,68,10,12,5,12,2,69.84
35,3.37,4,41,2,10,3,43,8,182.72
12,7.1,3,43,10,17,0,26,14,35.55
42,7.93,5,51,4,10,6,54,12,70.99
2,6.24,3,80,13,15,1,11,9,6.51
32,8.63,4,52,0,14,6,51,19,61.27
5,9.93,4,77,2,8,0,17,12,7.01
49,8.56,4,79,3,12,0,65,16,97.08
9,7.56,5,42,4,16,0,15,6,17.81
4,6.26,4,39,9,11,3,9,5,17.37
22,5.59,1,84,8,8,0,34,12,231.81
9,2.68,4,38,3,15,1,25,16,44.7
43,5.19,3,81,2,12,3,57,14,189.64
1,9.28,3,31,9,9,6,4,3,0.0
12,8.46,3,54,0,8,1,26,14,28.49
39,3.73,5,42,12,10,4,52,13,146.6
1,5.73,3,80,9,16,6,11,10,7.97
19,8.53,5,87,5,8,0,22,3,27.32
0,2.54,5,63,6,11,5,2,2,0.0
36,5.1,4,64,9,15,5,37,1,99.97
8,8.81,1,32,14,15,3,27,19,54.53
16,5.23,4,88,7,17,5,25,9,46.09
8,2.62,4,99,11,15,6,20,12,47.7
10,6.34,5,77,0,17,3,29,19,16.8
14,8.89,5,93,11,15,6,31,17,17.58
23,6.72,3,48,3,11,0,38,15,74.26
37,3.81,3,96,10,15,2,47,10,187.34
34,5.07,4,34,4,16,2,43,9,97.19
29,5.6,2,96,1,14,1,37,8,173.92
30,6.63,2,40,0,9,0,41,11,136.67
48,8.07,3,97,7,16,5,66,18,117.33
4,2.79,2,98,5,15,0,4,0,41.38
43,9.12,3,30,4,12,4,60,17,105.52
49,2.1,5,92,12,10,2,62,13,312.54
13,4.96,4,58,8,14,5,13,0,49.73
10,2.22,1,41,12,9,6,26,16,267.35
8,5.14,4,70,10,10,6,18,10,25.59
33,6.21,3,31,12,16,2,52,19,101.98
11,6.09,3,66,10,11,0,25,14,44.44
34,3.33,4,74,1,11,5,37,3,176.82
34,7.17,3,77,9,10,1,48,14,106.65
0,2.36,2,53,11,12,6,13,13,0.0
39,8.1,2,51,7,10,0,39,0,171.24
21,9.57,3,40,10,16,1,29,8,43.65
28,4.72,3,87,13,10,5,34,6,135.95
7,6.14,2,75,9,9,2,17,10,31.39
10,5.03,3,58,12,12,4,11,1,40.03
40,2.05,3,64,8,13,3,41,1,447.5
36,5.09,4,44,0,8,2,41,5,107.13
13,8.33,1,89,6,13,1,31,18,110.93
29,6.77,2,71,7,17,0,48,19,121.8
34,2.81,4,72,2,10,6,47,13,205.34
20,8.78,1,78,13,11,5,22,2,155.48
36,6.25,3,93,3,13,2,42,6,132.5
4,8.73,3,61,12,15,6,10,6,8.72
18,6.64,4,93,2,16,6,21,3,40.29
13,6.48,3,31,6,13,4,17,4,47.38
25,2.84,5,53,8,14,5,41,16,118.68
3,3.34,4,95,2,12,1,6,3,18.3
24,9.78,1,67,12,16,5,36,12,148.6
44,3.83,4,60,5,11,5,59,15,197.32
41,9.82,2,55,7,17,0,56,15,130.06
24,6.26,4,58,5,13,3,25,1,70.85
17,3.09,3,96,1,12,6,34,17,129.49
39,2.79,3,54,12,8,1,39,0,270.07
7,3.67,5,77,6,12,0,24,17,31.05
38,9.41,5,94,1,12,6,45,7,58.14
39,5.31,5,82,1,16,3,49,10,94.1
13,5.16,1,96,1,8,0,27,14,154.77
31,4.51,5,47,10,12,3,46,15,99.68
37,3.18,1,38,14,14,3,53,16,806.35
32,5.9,5,67,0,13,3,48,16,78.86
22,3.04,1,50,13,13,0,33,11,505.26
14,8.68,4,94,10,14,5,23,9,28.46
32,4.96,4,50,0,13,3,51,19,106.5
24,5.0,3,56,13,12,5,29,5,109.51
16,5.79,1,99,6,17,6,23,7,166.91
32,5.55,2,73,14,12,6,44,12,199.04
46,9.96,3,57,12,16,1,47,1,88.64
1,6.36,4,74,13,15,4,19,18,0.0
13,2.71,1,46,13,17,5,22,9,286.07
39,6.86,5,69,14,11,6,42,3,80.94
39,3.21,2,32,13,11,4,50,11,423.55
38,2.25,4,95,11,17,3,55,17,256.36
5,9.77,3,75,4,12,4,11,6,14.95
5,8.19,1,59,10,10,4,24,19,41.89
2,9.84,2,98,2,15,3,5,3,0.87
6,5.82,1,38,0,14,5,12,6,69.73
7,6.26,5,40,10,12,3,16,9,14.66
41,3.35,3,98,9,17,1,55,14,243.53
14,3.98,1,95,5,10,2,25,11,243.17
46,8.71,4,60,10,12,0,46,0,92.44
28,4.85,3,62,0,10,3,47,19,135.36
32,8.61,4,68,8,17,3,49,17,54.89
29,7.67,1,75,1,12,4,44,15,255.1
38,3.42,3,66,0,8,1,42,4,220.94
26,6.06,4,89,14,13,6,44,18,74.15
35,7.42,5,60,11,17,6,38,3,60.28
28,3.88,5,40,6,11,4,33,5,97.88
37,8.65,1,31,5,11,5,53,16,296.84
32,6.36,3,56,5,15,3,38,6,101.52
36,3.32,2,31,13,9,3,42,6,325.24
26,6.66,3,50,4,11,4,34,8,92.53
32,10.0,5,87,10,9,3,44,12,36.43
3,3.2,4,34,3,8,5,22,19,12.32
21,8.53,2,81,10,17,2,34,13,73.79
1,3.66,1,74,3,10,0,16,15,16.94
9,8.26,2,49,2,15,0,17,8,34.22
4,7.88,1,90,9,13,0,18,14,32.9
9,4.4,2,67,7,14,2,13,4,71.18
32,4.61,1,49,6,9,3,49,17,416.49
37,8.34,1,54,8,13,4,56,19,306.75
12,5.69,2,31,0,15,6,19,7,61.87
30,7.85,2,61,6,15,1,44,14,113.68
46,3.18,1,55,9,11,3,54,8,997.19
35,8.82,5,99,3,13,2,53,18,55.37
44,7.69,2,70,6,12,5,49,5,197.46
23,9.26,3,96,12,16,2,26,3,54.82
14,3.06,4,30,11,15,6,24,10,65.68
28,6.74,1,80,0,9,0,37,9,248.91
7,6.79,1,34,4,14,3,9,2,66.38
4,4.83,4,42,2,14,6,4,0,15.41
28,5.67,5,48,4,8,0,39,11,55.94
46,2.3,4,41,3,8,1,60,14,298.66
3,7.97,2,77,1,11,5,17,14,11.88
11,6.39,4,54,10,12,0,24,13,30.52
44,2.46,1,86,3,11,1,50,6,1231.52
1,7.45,4,64,2,14,2,17,16,0.53
26,5.73,3,34,12,10,0,44,18,108.59
30,2.28,2,51,0,14,0,36,6,455.66
35,9.76,4,86,11,15,4,37,2,52.13
35,9.59,1,76,9,13,5,37,2,251.0
25,6.1,2,83,7,13,5,42,17,146.25
42,2.75,1,32,14,15,6,61,19,915.86
26,8.04,5,82,4,15,2,39,13,36.75
4,5.94,3,60,3,14,4,6,2,13.45
19,4.42,5,98,9,13,6,25,6,57.68
10,5.93,3,62,11,13,1,16,6,36.99
9,6.18,4,79,4,17,6,13,4,18.01
39,6.5,2,45,3,13,1,41,2,203.57
37,5.53,4,68,2,15,2,54,17,97.88
5,6.85,3,75,4,8,5,19,14,16.38
7,9.35,3,76,3,12,1,26,19,16.08
22,4.9,3,73,14,10,2,35,13,102.68
46,7.81,1,38,0,15,6,49,3,357.4
25,9.16,2,79,11,13,1,32,7,98.09
45,5.65,4,89,2,9,3,57,12,118.67
42,5.55,4,44,9,14,0,49,7,128.7
11,6.82,5,65,14,14,6,25,14,19.67
25,6.73,3,92,9,12,5,41,16,87.5
12,8.45,3,98,7,15,6,16,4,27.78
39,5.81,3,70,6,12,3,58,19,153.18
17,9.97,4,53,1,8,2,20,3,23.14
24,2.48,5,78,0,16,2,34,10,114.02
32,2.03,1,47,2,11,6,49,17,1091.15
46,7.12,2,36,4,9,3,55,9,189.83
39,4.39,1,33,9,11,6,55,16,616.32
42,3.92,4,98,14,16,0,56,14,158.99
11,4.5,3,89,10,9,0,16,5,48.49
43,4.05,2,84,11,11,4,58,15,362.43
35,2.25,4,45,0,9,1,49,14,233.68
47,9.77,4,58,2,12,4,54,7,81.98
3,3.77,4,52,2,10,0,11,8,13.59
4,7.87,2,43,4,17,3,14,10,19.66
36,8.1,2,78,2,9,1,37,1,133.85
7,9.43,5,62,12,16,3,19,12,6.52
41,2.24,5,54,8,12,4,44,3,249.96
48,8.98,1,50,0,17,2,56,8,322.63
27,6.22,2,46,3,12,3,31,4,153.71
30,7.06,2,52,12,8,4,48,18,128.32
8,7.16,2,86,12,13,4,10,2,40.64
28,8.56,5,87,9,14,4,30,2,46.98
13,4.67,4,43,9,8,2,18,5,46.04
39,7.86,3,49,3,16,2,48,9,93.33
40,6.23,5,59,0,15,6,44,4,79.07
21,8.35,2,48,13,15,2,23,2,78.43
10,9.92,5,82,1,14,1,16,6,9.89
22,3.61,1,85,10,12,2,39,17,418.4
0,9.96,2,52,0,10,2,7,7,0.0
45,2.72,1,91,5,16,2,45,0,991.01
36,2.02,2,62,2,14,3,39,3,613.85
20,2.35,5,47,6,17,2,26,6,102.71
25,4.73,4,62,4,17,1,38,13,81.81
45,7.06,3,61,8,15,4,57,12,130.66
35,2.55,1,90,6,13,3,44,9,943.72
22,2.05,5,83,3,12,0,39,17,145.9
0,9.5,4,46,4,15,2,0,0,3.95
39,8.58,5,48,4,10,6,42,3,64.7
14,8.47,1,99,10,14,6,29,15,114.25
20,9.08,3,63,14,9,4,35,15,45.5
46,7.6,5,54,4,10,4,63,17,83.43
8,2.84,2,97,9,9,3,15,7,86.22
8,5.19,4,40,8,12,6,17,9,25.57
9,7.79,5,45,9,14,0,24,15,16.76
25,4.24,4,90,2,17,5,35,10,83.86
40,7.5,2,36,5,17,6,45,5,157.95
34,2.2,3,45,7,8,6,34,0,307.62
24,4.45,3,45,10,17,1,35,11,106.76
25,6.39,2,69,8,16,5,30,5,114.54
10,7.06,4,41,12,8,4,22,12,19.66
37,6.62,5,64,14,8,5,53,16,62.56
1,7.58,2,50,6,17,6,1,0,5.6
6,2.05,1,79,11,15,4,13,7,175.47
17,2.81,4,72,2,13,5,24,7,99.34
26,8.95,3,46,0,13,4,36,10,64.3
33,7.45,2,61,3,16,4,46,13,133.82
26,2.9,3,70,12,11,3,35,9,204.33
16,8.74,4,35,5,15,0,30,14,25.38
42,3.94,3,56,2,11,4,48,6,245.09
43,5.83,2,49,13,9,1,49,6,222.45
23,3.16,4,54,0,15,6,32,9,104.81
24,7.68,1,95,5,14,6,27,3,217.25
6,7.33,2,38,13,11,1,23,17,25.82
5,3.69,5,82,0,16,2,14,9,16.21
23,8.91,2,90,8,16,4,41,18,77.36
32,5.21,4,67,10,15,4,45,13,90.54
48,4.34,2,32,13,8,4,60,12,328.72
28,3.22,1,99,11,14,5,42,14,599.4
42,4.13,1,84,0,12,4,57,15,706.68
21,2.18,5,30,12,14,4,22,1,129.08
25,6.67,3,99,5,16,1,28,3,80.08
27,8.74,4,74,0,9,0,44,17,45.57
49,6.39,4,76,11,11,0,65,16,132.34
20,3.75,3,55,6,11,2,29,9,119.27
48,2.27,1,43,2,9,1,56,8,1266.77
6,3.72,1,83,5,10,4,20,14,109.87
16,5.33,2,75,6,15,0,27,11,86.94
19,8.08,5,60,0,16,3,27,8,27.6
40,3.5,5,88,0,13,3,53,13,156.37
48,7.76,5,58,12,17,3,60,12,79.8
19,8.94,2,46,4,9,4,24,5,60.29
21,5.63,5,43,5,9,4,39,18,45.06
27,8.57,3,65,14,14,2,30,3,73.19
39,6.44,2,87,14,15,6,58,19,178.54
48,7.1,3,53,8,15,2,64,16,137.33
6,6.21,2,92,13,13,2,24,18,32.14
0,5.71,5,54,0,17,5,2,2,0.0
31,3.88,3,88,12,15,3,44,13,161.89
12,4.43,3,61,3,8,4,28,16,50.88
29,4.32,3,47,9,16,3,41,12,131.12
22,6.51,2,66,7,8,2,30,8,103.5
18,2.96,4,55,9,10,4,18,0,103.87
31,9.33,5,38,8,16,1,47,16,42.61
29,7.77,3,93,14,12,0,44,15,89.53
28,5.21,4,49,12,16,0,45,17,78.66
48,3.27,5,83,2,16,2,49,1,178.58
44,9.06,5,59,10,13,6,57,13,64.78
28,8.59,3,82,1,8,3,44,16,71.89
29,7.77,3,92,3,17,1,31,2,72.53
15,4.17,2,40,1,14,4,16,1,127.11
39,5.22,4,60,0,13,6,46,7,131.42
18,2.82,4,78,11,16,3,19,1,96.63
17,3.51,3,48,2,14,2,18,1,109.31
0,8.26,5,41,6,11,3,8,8,0.0
13,7.72,3,44,12,14,2,32,19,32.27
46,6.75,5,60,12,9,5,51,5,82.48
49,9.17,5,72,0,13,0,60,11,74.82
1,6.67,3,66,1,13,6,9,8,3.85
27,5.74,1,58,0,9,0,33,6,273.52
48,4.72,4,55,7,11,3,59,11,171.52
49,9.52,5,31,4,15,1,53,4,59.5
29,2.66,5,44,7,15,4,44,15,131.62
37,9.45,1,33,2,15,2,41,4,235.86
3,8.61,2,79,12,15,4,14,11,9.94
0,3.04,1,67,11,8,0,19,19,1.91
7,6.52,1,52,6,9,1,15,8,61.34
28,8.93,5,88,7,11,1,34,6,45.09
38,6.57,4,57,14,16,4,56,18,88.12
2,9.26,1,95,5,10,0,21,19,16.04
31,9.54,2,37,12,13,4,41,10,111.52
9,5.38,3,58,12,14,3,20,11,43.97
9,5.02,1,40,6,15,1,11,2,109.08
18,9.49,1,47,13,14,1,34,16,127.96
45,7.4,2,84,11,10,3,51,6,210.51
33,2.93,4,79,1,13,0,42,9,196.66
32,2.34,1,43,7,12,1,46,14,942.5
22,6.52,1,38,4,17,6,23,1,205.81
27,9.44,4,40,6,11,5,39,12,50.48
31,8.75,2,92,0,8,5,34,3,99.21
49,7.41,1,96,4,14,5,66,17,457.37
6,3.11,4,82,0,15,2,6,0,27.69
28,4.03,1,68,11,9,6,29,1,418.09
7,9.0,3,85,12,14,2,8,1,20.71
0,3.46,5,57,7,13,0,3,3,0.59
2,4.23,3,68,14,12,3,4,2,15.88
23,3.04,1,54,3,11,4,39,16,522.05
22,7.41,2,50,3,9,6,35,13,90.96
7,9.55,5,39,1,17,0,8,1,11.21
46,4.15,3,72,4,13,4,61,15,254.54
36,5.8,4,44,0,12,0,46,10,109.35
2,7.07,2,77,8,9,2,14,12,6.7
32,10.0,3,50,4,17,5,32,0,62.76
27,2.84,4,89,5,14,3,28,1,160.15
46,5.99,1,79,1,13,2,47,1,530.73
7,5.08,4,52,9,16,3,11,4,21.64
33,8.93,3,42,9,17,6,36,3,77.47
34,5.81,3,98,0,12,4,45,11,137.02
31,2.89,1,33,3,16,0,33,2,643.23
23,7.08,4,38,6,16,1,42,19,45.23
13,8.17,4,64,5,8,1,22,9,25.18
31,2.02,1,50,9,12,3,50,19,1060.65
45,8.87,4,87,0,16,5,62,17,78.35
42,3.49,1,47,0,14,5,51,9,834.06
15,6.42,2,72,7,13,3,15,0,80.02
3,5.33,3,35,3,13,2,8,5,11.55
36,7.76,2,96,4,14,1,46,10,157.9
20,4.97,5,41,12,8,2,21,1,48.13
13,8.96,5,41,6,11,4,19,6,19.79
30,7.84,5,95,7,8,1,49,19,46.52
47,7.18,1,31,14,13,4,64,17,451.18
17,8.37,4,44,9,11,0,35,18,34.64
6,8.03,2,52,6,8,2,9,3,20.08
9,2.29,2,58,1,16,3,21,12,120.86
6,5.16,2,36,13,11,1,23,17,40.36
32,9.45,2,57,14,13,2,51,19,116.35
22,3.01,5,43,3,14,3,34,12,98.76
20,7.9,2,73,9,15,0,38,18,71.98
18,9.8,4,59,11,16,1,34,16,31.48
47,2.42,5,61,0,16,4,47,0,234.95
18,7.46,2,99,9,15,0,23,5,67.54
35,5.75,1,35,8,17,5,53,18,367.81
28,6.63,3,56,2,10,3,47,19,99.85
17,2.68,3,53,11,9,1,17,0,127.11
1,2.34,3,63,2,12,1,8,7,14.61
0,7.33,5,69,9,8,6,16,16,0.65
46,8.59,2,76,8,10,6,60,14,180.58
4,8.26,5,53,9,8,0,21,17,6.91
19,6.35,4,94,2,10,1,25,6,52.35
10,2.8,1,47,7,11,3,25,15,244.71
41,7.5,1,73,1,14,0,47,6,378.7
1,3.94,3,86,13,12,4,17,16,0.84
2,9.29,3,57,12,12,0,5,3,7.92
22,8.71,3,52,2,8,0,33,11,47.9
11,7.68,2,63,1,15,4,23,12,40.04
19,9.59,4,40,0,11,5,22,3,33.83
4,2.25,4,64,1,17,6,4,0,27.95
36,7.89,4,71,7,12,3,36,0,79.2
37,4.64,4,57,8,9,5,43,6,117.33
29,9.25,3,53,12,8,5,37,8,61.19
8,4.13,1,37,1,16,5,8,0,112.73
33,7.8,3,82,6,9,6,48,15,83.95
43,9.02,4,33,14,13,2,60,17,85.45
34,2.33,3,34,4,8,6,48,14,291.43
21,5.18,4,78,2,8,5,26,5,63.38
43,8.1,5,59,8,16,2,44,1,68.08
23,5.64,1,92,14,11,4,31,8,279.65
16,4.14,5,76,5,16,6,19,3,45.84
9,3.76,2,55,10,12,3,21,12,89.13
29,3.05,3,86,0,14,5,39,10,222.87
45,8.86,2,66,4,8,1,57,12,147.4
22,6.6,3,36,6,13,4,32,10,77.8
31,2.61,5,69,3,15,2,49,18,142.47
16,5.06,4,68,7,8,6,23,7,49.9
49,4.94,4,91,9,16,3,55,6,146.49
16,3.45,3,82,4,10,0,31,15,104.03
13,5.48,4,33,8,8,3,15,2,33.53
8,4.66,5,54,8,8,3,24,16,18.9
39,4.73,4,36,8,13,5,56,17,144.54
1,7.91,5,57,0,13,5,15,14,0.0
44,3.79,2,98,1,8,6,60,16,346.78
24,7.13,5,96,2,10,6,34,10,41.05
38,6.57,1,49,13,14,2,42,4,402.4
8,6.54,1,40,3,17,6,23,15,77.15
21,7.3,1,96,9,10,2,35,14,197.4
42,6.39,3,36,8,10,5,51,9,150.35
45,9.03,3,52,9,10,5,58,13,115.93
3,7.4,3,90,12,14,1,4,1,13.74
25,6.38,5,63,5,11,1,40,15,55.34
28,8.64,3,48,0,11,4,46,18,72.46
44,6.85,2,87,11,10,5,51,7,216.78
33,4.33,1,38,8,17,0,47,14,454.02
22,3.66,5,77,5,16,1,31,9,72.41
36,3.22,1,70,3,9,2,40,4,669.13
10,9.2,3,77,13,11,3,29,19,25.6
5,7.68,5,74,3,15,6,20,15,6.15
17,9.5,4,54,2,13,6,28,11,27.7
20,6.83,2,54,6,14,4,32,12,97.55
41,5.79,3,48,2,14,1,49,8,167.63
35,2.48,3,68,1,9,3,51,16,285.18
40,7.37,2,56,9,11,3,59,19,192.36
37,6.66,2,92,7,17,1,48,11,168.34
33,9.92,4,97,3,17,0,37,4,48.6
16,3.91,3,48,7,13,0,27,11,98.01
36,6.25,3,57,0,10,4,36,0,132.47
24,7.21,1,62,14,16,0,43,19,200.45
37,7.16,5,39,4,11,4,52,15,71.22
11,6.49,5,59,12,17,2,22,11,11.5
22,8.22,1,51,8,9,1,30,8,165.49
41,3.64,5,32,0,13,3,53,12,156.92
21,7.81,2,77,10,8,4,37,16,81.71
20,6.96,5,31,12,13,6,36,16,39.48
26,9.17,5,83,3,17,0,29,3,34.52
30,8.78,1,35,5,8,6,43,13,203.28
5,4.52,4,69,9,15,4,23,18,18.44
26,4.21,5,31,7,12,5,32,6,81.31
39,9.85,5,31,13,13,4,41,2,55.18
33,6.22,4,84,2,9,0,33,0,81.29
11,9.25,1,89,4,9,5,22,11,70.74
44,3.31,4,35,6,16,5,58,14,200.45
6,7.14,1,48,0,10,0,16,10,54.99
9,8.48,2,56,14,13,5,18,9,33.72
44,9.58,1,30,6,17,1,45,1,276.31
16,4.7,2,62,12,12,3,19,3,119.51
25,7.8,2,69,11,11,6,41,16,104.95
20,6.31,1,61,10,17,1,36,16,191.73
27,2.49,3,98,7,9,1,34,7,215.67
45,7.52,1,46,7,15,0,58,13,358.46
1,7.52,5,37,8,17,0,4,3,0.0
42,9.44,5,86,5,14,6,47,5,58.81
0,5.98,3,71,11,9,3,18,18,2.9
35,3.84,2,38,5,13,4,38,3,314.39
25,2.36,3,64,1,15,1,27,2,211.03
28,5.33,5,82,2,14,5,47,19,72.21
20,4.42,3,83,3,8,3,25,5,92.06
10,8.09,1,54,3,12,1,16,6,86.63
39,4.83,3,96,7,9,4,52,13,161.13
10,9.59,2,91,13,13,5,21,11,39.24
35,9.7,1,84,0,14,1,50,15,251.92
48,6.97,4,75,9,14,2,67,19,120.08
38,9.43,5,53,13,10,6,45,7,55.78
39,8.09,5,75,3,14,3,40,1,68.52
34,6.37,3,51,10,12,6,46,12,123.61
33,3.44,1,40,11,15,0,40,7,578.35
46,5.67,4,77,12,15,1,65,19,124.42
23,6.49,1,37,10,14,5,38,15,241.59
21,8.91,5,68,10,13,5,24,3,29.26
4,5.85,1,64,3,9,3,19,15,38.92
32,9.18,4,78,0,13,3,51,19,63.05
35,7.39,3,75,2,16,6,40,5,89.93
46,3.1,2,67,4,9,5,49,3,446.92
19,9.96,1,37,5,8,5,34,15,115.55
18,6.22,2,83,8,12,5,30,12,103.36
34,5.13,5,66,8,13,1,38,4,91.92
42,7.27,3,69,8,10,5,56,14,128.79
16,2.87,3,63,10,15,0,23,7,108.58
44,7.09,1,46,0,14,5,50,6,424.52
42,5.99,3,62,11,9,0,55,13,138.72
33,5.25,1,76,8,14,1,39,6,432.89
8,9.62,1,81,12,8,3,14,6,46.38
25,6.18,2,38,7,16,0,42,17,125.76
1,3.75,3,62,1,14,1,10,9,2.15
8,5.67,1,89,12,13,5,25,17,101.36
8,9.36,2,50,10,9,1,21,13,29.21
39,3.41,4,87,0,10,5,48,9,200.05
16,3.71,2,98,0,8,6,22,6,127.24
0,2.1,2,39,11,17,1,6,6,1.03
24,2.11,1,35,5,12,3,30,6,779.69
42,8.64,5,42,8,16,0,46,4,61.1
39,7.86,5,94,6,13,6,39,0,68.28
41,4.84,5,49,4,12,3,54,13,115.66
24,7.59,2,86,10,10,2,41,17,105.47
38,5.16,1,75,1,12,5,50,12,500.54
34,9.62,3,37,0,15,0,41,7,67.55
2,9.74,2,39,1,9,3,9,7,9.5
49,5.14,2,96,0,12,0,58,9,327.53
36,8.83,1,40,2,13,2,52,16,280.69
43,8.18,4,41,5,17,4,48,5,80.77
43,4.48,2,39,12,15,5,57,14,293.36
29,3.86,4,54,7,15,5,43,14,116.78
37,5.67,4,78,2,12,1,52,15,109.73
33,8.25,5,78,9,16,5,40,7,42.17
11,9.68,1,40,8,11,5,29,18,85.48
18,8.11,4,91,9,16,3,37,19,40.1
36,8.84,1,65,4,14,6,50,14,281.51
43,6.82,5,68,6,13,5,45,2,83.14
48,8.68,1,82,7,11,5,53,5,384.31
16,8.28,2,85,2,9,2,23,7,57.68
9,5.02,4,30,1,15,6,24,15,26.58
48,6.42,1,85,1,13,2,62,14,518.9
46,8.44,3,33,4,10,0,58,12,126.39
11,2.37,1,59,14,14,0,30,19,316.9
15,8.46,4,41,0,17,5,29,14,25.61
23,3.42,5,64,14,14,5,40,17,94.71
18,6.12,5,81,1,13,1,30,12,42.14
7,8.47,4,60,12,9,0,14,7,13.19
30,4.03,2,97,8,15,3,43,13,226.09
20,3.97,2,81,6,8,5,30,10,150.18
16,5.22,5,36,14,8,3,21,5,37.3
22,9.16,5,51,14,13,5,22,0,23.03
36,2.0,4,85,5,12,3,37,1,308.6
15,9.21,2,87,8,16,4,27,12,51.15
5,3.23,5,93,6,14,3,5,0,20.19
7,9.92,2,41,13,9,6,10,3,19.77
24,9.64,5,36,10,14,0,25,1,31.24
17,5.96,1,84,4,10,5,36,19,199.91
24,6.1,3,91,14,8,0,39,15,80.31
11,5.85,1,84,8,15,6,13,2,115.25
14,7.08,5,65,5,10,6,30,16,22.1
25,2.73,3,53,5,15,3,29,4,182.95
40,2.26,3,73,10,14,2,47,7,406.07
44,2.46,5,46,3,9,2,55,11,213.65
25,5.55,5,31,12,8,6,36,11,52.16
46,4.2,2,42,11,14,2,46,0,376.42
31,6.98,5,60,0,8,5,31,0,55.87
9,9.94,4,57,4,13,1,23,14,9.88
15,5.09,5,89,10,17,4,31,16,40.69
6,6.59,4,56,8,17,3,7,1,15.11
16,5.32,5,44,12,15,1,32,16,35.93
22,8.78,2,62,7,14,2,41,19,89.18
25,9.22,4,49,7,11,3,33,8,42.43
20,9.02,1,71,4,8,1,31,11,131.06
21,9.79,4,41,11,8,0,24,3,31.8
6,2.22,2,52,8,11,2,18,12,97.33
13,8.72,4,43,2,12,1,16,3,25.58
14,8.01,5,54,2,14,5,20,6,25.46
6,3.83,5,60,0,11,0,19,13,19.85
8,9.65,2,83,8,17,2,16,8,26.33
47,3.19,3,34,5,8,4,47,0,300.13
7,7.44,5,42,1,17,6,7,0,14.28
49,3.8,1,57,7,14,2,68,19,889.7
22,5.45,2,72,11,9,5,25,3,123.1
28,7.75,4,76,8,9,4,28,0,55.9
17,6.51,4,67,8,15,4,26,9,40.71
30,5.42,1,96,1,17,4,31,1,335.44
29,4.61,5,91,1,17,3,43,14,78.79
38,8.72,2,68,12,17,3,40,2,130.39
34,3.15,1,66,6,12,6,42,8,746.57
17,5.44,5,37,10,17,4,33,16,36.35
41,9.23,2,81,3,9,6,53,12,130.49
38,8.77,4,62,12,12,0,40,2,73.96
16,5.21,2,71,0,15,4,19,3,91.95
13,8.1,3,56,7,13,1,16,3,31.91
30,8.59,2,37,1,10,4,40,10,123.14
23,9.11,3,52,13,15,3,29,6,42.19
34,6.36,2,93,2,16,3,44,10,168.62
43,3.64,3,49,4,12,1,53,10,276.53
44,4.04,4,45,13,9,1,53,9,162.48
33,4.37,5,46,2,9,2,37,4,90.74
2,6.75,3,48,6,14,0,14,12,7.72
36,2.26,3,37,6,8,0,47,11,316.47
42,7.09,4,67,13,17,0,51,9,89.46
39,4.91,3,67,1,9,5,45,6,158.27
25,4.36,1,82,12,17,3,43,18,343.6
22,9.04,4,60,12,11,0,40,18,42.54
43,5.68,1,73,6,8,2,61,18,450.28
38,2.76,4,89,10,11,2,49,11,237.58
14,8.61,3,46,5,17,0,33,19,33.0
48,2.38,1,68,9,12,1,62,14,1391.32
3,7.81,3,71,8,16,2,7,4,7.03
28,8.19,4,77,12,8,6,41,13,54.69
21,4.82,3,41,8,12,1,32,11,99.13
24,8.6,1,47,1,9,6,34,10,168.16
12,6.13,1,35,6,16,3,16,4,121.44
17,5.71,3,72,4,13,5,32,15,68.28
32,2.36,2,64,12,9,2,49,17,406.87
15,4.32,4,83,5,10,1,26,11,59.6
44,9.45,4,91,0,15,6,48,4,73.57
41,5.13,3,98,6,8,0,56,15,158.93
43,6.37,2,45,5,10,6,54,11,236.61
1,6.26,1,37,3,17,6,2,1,9.28
34,6.72,5,60,0,8,3,39,5,58.1
41,2.49,5,39,8,15,4,44,3,199.58
33,4.9,3,85,3,8,4,45,12,133.85
29,7.79,2,99,1,12,0,38,9,130.38
12,3.6,2,49,7,11,3,28,16,106.67
12,3.63,4,34,1,14,3,25,13,57.06
17,2.08,1,52,4,12,3,31,14,562.37
31,5.5,2,38,10,15,3,38,7,165.91
31,9.06,5,87,5,8,4,48,17,39.39
34,2.42,1,88,10,12,1,36,2,969.62
38,3.53,1,83,12,11,3,54,16,742.85
45,4.48,3,75,7,10,1,51,6,226.89
28,7.85,2,51,10,12,6,40,12,123.95
48,7.13,3,93,0,17,6,63,15,138.83
28,5.33,2,37,0,10,3,32,4,182.16
43,8.07,4,49,11,15,2,46,3,82.33
15,6.88,3,80,3,10,5,24,9,53.45
43,9.17,3,68,4,8,2,55,12,97.51
46,8.54,5,66,12,16,6,55,9,70.22
9,4.02,3,79,14,16,5,22,13,43.25
29,4.17,2,63,12,13,2,40,11,237.69
24,3.0,5,62,8,17,3,24,0,98.26
38,4.7,3,60,10,8,1,57,19,163.97
19,10.0,3,83,13,15,5,38,19,40.34
4,5.25,4,73,6,9,4,10,6,17.11
0,3.76,3,63,6,16,0,8,8,0.03
29,8.1,1,91,7,15,5,36,7,216.1
48,6.34,5,52,14,10,5,60,12,101.54
2,3.2,1,75,4,12,4,15,13,49.57
44,5.05,5,85,4,16,3,55,11,103.64
13,5.32,4,36,0,8,2,20,7,35.76
29,8.03,3,90,13,16,2,46,17,71.18
49,2.17,3,32,8,11,6,64,15,518.53
3,4.15,3,67,5,11,1,13,10,14.43
17,6.14,5,63,8,11,3,32,15,36.63
36,4.15,3,73,2,17,4,49,13,169.36
24,7.03,1,59,4,16,3,26,2,202.55
47,5.85,3,46,1,13,3,48,1,190.48
0,4.89,4,88,9,15,2,2,2,2.21
45,9.59,1,39,4,11,4,48,3,326.43
14,7.06,3,47,14,10,0,18,4,49.16
8,3.04,3,74,12,8,5,17,9,58.14
14,6.48,2,88,12,17,2,33,19,59.49
48,8.25,5,91,12,14,4,49,1,76.64
23,7.67,1,88,14,11,1,34,11,204.56
3,3.38,2,78,13,15,5,7,4,25.24
11,9.78,4,92,7,10,5,15,4,18.5
36,5.59,5,61,10,8,2,36,0,75.93
36,3.27,1,39,1,12,6,39,3,759.78
42,3.44,3,40,7,9,1,53,11,244.18
5,2.79,1,99,3,10,2,16,11,121.67
38,8.43,3,91,9,13,3,53,15,97.17
45,2.98,5,76,9,10,6,61,16,205.67
23,3.0,3,63,14,10,4,32,9,174.63
10,8.8,4,46,0,13,1,26,16,18.85
12,4.76,3,83,12,12,5,28,16,54.63
33,2.25,4,69,4,17,2,50,17,218.83
24,2.42,5,48,12,16,5,25,1,115.85
6,3.14,5,96,0,8,1,9,3,22.57
3,3.71,1,82,6,10,5,21,18,52.62
7,7.32,4,93,7,10,2,17,10,13.95
19,3.26,4,76,2,13,6,35,16,96.65
28,2.95,2,35,2,15,2,39,11,284.19
44,8.12,2,45,6,10,0,45,1,184.4
45,7.37,2,47,3,10,5,50,5,213.42
9,5.48,3,81,2,13,0,17,8,38.97
42,6.39,2,77,14,15,6,46,4,196.84
33,4.5,4,72,7,13,0,52,19,124.22
25,5.86,3,68,2,17,5,33,8,86.47
40,6.05,5,78,12,10,1,47,7,93.26
48,5.1,1,41,13,11,3,67,19,650.11
2,9.25,2,39,6,8,6,9,7,11.3
5,2.13,5,84,1,15,2,10,5,29.57
4,8.26,4,30,10,11,4,6,2,11.1
4,3.0,1,78,10,13,6,8,4,92.55
46,8.38,5,65,0,10,0,54,8,77.78
22,6.93,1,50,11,13,1,28,6,216.74
48,8.75,2,66,5,16,5,51,3,163.27
8,2.78,4,53,7,16,1,14,6,44.21
34,6.47,1,84,0,17,1,38,4,316.24
19,6.01,5,54,12,10,5,29,10,45.16
48,7.65,2,36,9,10,4,62,14,219.78
41,6.27,2,53,11,11,5,42,1,221.17
34,6.33,5,40,8,14,4,46,12,71.25
49,5.44,5,41,14,10,5,64,15,125.06
17,4.47,1,64,2,17,0,23,6,225.98
16,5.86,3,92,2,15,4,23,7,64.76
23,2.95,2,97,3,15,0,28,5,235.61
2,9.69,1,86,10,13,6,8,6,14.0
31,7.72,5,42,14,11,4,48,17,53.9
34,9.62,1,52,0,12,4,53,19,242.43
37,3.81,5,68,8,9,5,43,6,116.51
12,9.03,4,41,10,13,4,14,2,23.25
46,8.47,5,63,2,10,0,50,4,73.57
24,7.42,5,60,12,13,6,24,0,43.83
8,7.0,5,91,9,12,5,22,14,19.8
3,4.53,3,42,3,9,2,5,2,17.39
13,8.53,5,60,0,12,6,20,7,21.78
36,6.01,2,31,3,12,6,44,8,202.56
33,2.57,2,44,12,16,0,47,14,387.26
10,4.5,1,86,0,15,6,19,9,137.91
40,9.48,3,63,4,14,2,41,1,101.13
2,8.81,1,97,4,10,1,21,19,17.88
27,9.86,2,58,13,17,5,31,4,86.46
28,7.02,2,95,10,11,1,46,18,137.69
8,3.98,4,45,6,13,5,20,12,36.56
2,3.3,5,68,13,10,6,12,10,6.31
24,3.5,2,66,7,16,5,24,0,206.87
33,2.16,1,50,3,15,0,47,14,921.35
11,5.13,1,73,6,13,2,28,17,146.32
41,3.53,5,48,3,11,5,56,15,157.63
8,5.29,5,37,2,14,2,16,8,21.15
14,9.48,4,95,14,10,5,14,0,24.79
39,5.44,3,70,5,17,2,49,10,145.22
24,9.02,1,99,3,15,1,32,8,158.22
4,6.84,5,90,13,8,0,14,10,12.17
10,3.98,1,55,2,10,5,22,12,169.63
33,4.85,5,99,14,12,3,34,1,97.72
23,2.67,2,58,14,12,2,36,13,294.75
14,4.67,1,95,8,17,2,19,5,174.57
37,7.42,2,48,4,9,3,44,7,150.3
7,2.58,1,97,12,17,0,24,17,162.22
4,3.64,3,87,13,15,2,19,15,18.63
47,5.05,4,99,6,12,0,58,11,155.45
25,9.86,2,86,11,14,2,35,10,87.48
17,8.28,5,66,13,14,6,22,5,31.26
5,7.87,3,90,5,12,4,7,2,16.37
36,2.93,1,59,9,15,6,49,13,737.49
47,8.25,2,54,14,16,2,48,1,172.39
12,8.28,1,94,4,11,4,22,10,99.89
27,6.81,1,35,6,11,5,29,2,269.33
4,9.92,1,47,10,15,0,21,17,19.92
12,4.6,4,39,5,8,2,12,0,38.5
16,9.53,4,40,9,11,1,16,0,28.48
49,9.32,5,94,1,13,1,60,11,75.12
39,2.09,2,94,12,11,3,53,14,645.48
44,5.6,3,81,12,13,1,48,4,182.5
31,9.82,3,96,12,12,4,36,5,71.79
28,2.82,3,60,2,16,1,43,15,194.09
2,6.38,1,46,1,17,1,13,11,20.04
39,9.83,4,84,11,16,1,50,11,61.08
33,6.44,2,65,2,11,2,35,2,169.51
39,3.52,1,55,0,11,3,40,1,762.31
26,6.66,4,82,7,15,0,32,6,56.51
12,3.64,4,46,5,17,3,13,1,49.87
44,6.16,2,54,12,11,4,50,6,244.11
32,2.59,2,31,1,9,2,42,10,370.21
5,6.84,2,34,7,9,5,15,10,21.29
23,6.13,1,33,5,8,2,36,13,224.49
18,7.92,5,65,6,12,6,20,2,29.21
15,7.05,2,35,10,13,1,28,13,71.53
39,6.4,5,50,0,16,1,49,10,69.92
27,7.52,1,55,6,12,4,30,3,248.94
32,3.15,5,84,2,13,5,48,16,141.84
47,6.76,3,68,10,13,6,62,15,157.53
40,3.38,5,62,11,10,2,42,2,168.03
12,9.4,2,43,7,11,5,21,9,43.08
42,2.55,1,85,5,8,0,56,14,994.12
44,5.44,2,50,3,11,3,51,7,276.96
24,7.57,3,75,10,8,2,41,17,57.36
41,5.66,2,45,7,12,5,43,2,250.93
35,2.74,2,45,8,15,0,41,6,384.41
26,6.43,2,58,9,15,0,35,9,121.47
37,7.13,4,37,1,12,6,56,19,87.55
6,7.63,3,32,14,17,6,14,8,15.62
4,4.99,2,48,5,9,3,17,13,22.53
42,6.51,2,95,4,13,0,55,13,221.7
44,5.61,2,51,4,8,4,54,10,238.01
30,7.38,1,75,9,14,0,30,0,281.18
22,6.67,4,42,10,11,5,25,3,58.74
41,6.21,1,62,2,12,6,46,5,455.15
9,4.0,4,34,11,13,4,13,4,37.82
31,2.02,2,56,7,8,6,33,2,457.82
42,3.39,3,53,13,16,6,43,1,246.48
29,2.94,5,96,7,17,6,31,2,108.54
38,5.59,5,92,11,11,0,46,8,91.99
30,6.9,2,77,4,15,1,48,18,130.23
17,3.7,1,92,7,12,0,35,18,318.32
35,9.51,3,41,9,15,6,51,16,72.78
1,2.05,4,57,14,8,4,18,17,8.35
13,8.18,2,73,7,15,0,23,10,41.15
12,7.0,3,72,2,11,6,23,11,39.25
28,4.99,3,46,1,9,6,30,2,107.22
11,2.4,4,69,8,13,0,28,17,75.31
38,7.02,3,78,1,9,0,43,5,107.7
1,5.08,1,86,8,12,4,7,6,17.4
31,9.49,1,93,3,9,0,31,0,197.11
12,6.34,1,86,11,10,3,17,5,130.74
45,9.52,3,99,12,13,5,62,17,108.69
26,3.76,1,72,1,8,3,38,12,412.33
48,7.81,4,52,9,13,4,66,18,104.44
40,6.94,3,56,0,10,1,46,6,133.89
16,7.92,5,87,3,14,3,34,18,23.74
39,3.72,3,66,8,9,6,47,8,211.61
30,7.32,4,35,11,13,5,32,2,69.53
33,5.98,5,94,8,15,2,44,11,68.65
23,7.94,3,35,3,8,5,42,19,60.8
44,4.62,1,79,8,16,3,61,17,566.86
34,9.12,2,51,14,12,2,41,7,126.87
47,2.67,2,54,11,12,4,55,8,603.74
5,8.46,1,80,5,12,5,17,12,35.35
18,8.89,2,77,0,13,1,25,7,66.75
29,8.54,2,99,9,9,2,38,9,109.22
6,6.1,1,94,12,13,2,22,16,69.68
9,5.51,1,89,13,11,5,15,6,118.52
40,9.97,3,75,5,15,3,56,16,82.73
31,3.83,3,65,8,16,2,48,17,159.51
33,6.38,1,87,12,16,4,34,1,309.44
27,7.37,4,67,1,15,5,29,2,56.75
14,7.61,2,40,5,10,4,32,18,64.81
29,3.63,3,41,1,17,5,29,0,157.95
36,7.23,2,71,3,11,4,45,9,167.21
28,8.55,5,68,14,8,3,41,13,49.18
21,2.4,1,40,7,16,5,33,12,524.54
3,9.29,4,65,12,12,6,11,8,4.59
19,2.24,5,81,6,13,1,24,5,117.6
31,4.85,5,60,10,10,3,36,5,87.52
35,2.13,5,62,11,17,4,53,18,197.88
49,2.62,1,42,12,15,5,58,9,1127.22
3,9.29,3,47,8,14,3,5,2,7.05
26,4.84,1,70,6,8,4,43,17,318.9
16,5.4,3,87,0,17,0,34,18,58.79
11,3.72,5,85,1,12,0,15,4,39.38
21,6.78,5,53,5,17,2,31,10,41.46
16,6.76,4,60,6,16,1,25,9,39.02
9,4.98,3,84,2,13,0,25,16,41.91
0,4.66,5,39,8,15,6,3,3,0.0
21,9.08,2,89,12,17,4,38,17,65.71
25,5.07,4,31,14,8,3,42,17,74.06
17,5.95,1,44,6,17,5,17,0,172.49
49,4.27,4,32,13,14,3,62,13,196.99
13,8.29,2,72,5,10,2,20,7,52.63
46,5.18,3,60,12,16,3,47,1,175.84
28,6.11,1,99,5,13,0,46,18,316.19
11,4.03,1,96,0,12,3,25,14,181.34
35,9.9,3,85,12,15,0,36,1,67.39
34,4.33,4,92,4,15,0,37,3,115.85
11,8.17,5,44,9,10,1,11,0,22.21
6,5.42,4,39,2,9,2,24,18,14.16
28,3.65,2,67,6,9,6,37,9,230.69
10,8.4,5,76,9,12,6,10,0,17.11
32,4.67,4,86,2,17,4,51,19,106.7
5,8.92,3,79,4,14,6,19,14,16.68
46,9.32,2,44,6,15,0,49,3,147.86
14,8.88,2,47,13,17,5,20,6,45.88
31,2.28,2,31,2,15,2,37,6,405.89
10,8.3,5,72,12,15,4,27,17,13.74
22,5.29,1,55,12,17,6,34,12,248.19
25,8.99,5,67,9,10,6,34,9,40.04
33,7.1,4,71,1,9,5,40,7,70.94
45,8.67,1,34,5,11,3,54,9,359.94
33,6.0,4,40,7,8,2,46,13,86.34
28,6.28,1,94,3,10,5,41,13,313.22
3,3.16,5,63,8,16,6,22,19,11.78
16,8.27,2,30,11,14,2,26,10,70.03
34,5.36,3,31,11,14,2,39,5,144.97
12,6.0,2,49,14,8,6,12,0,63.55
40,8.28,5,90,7,14,3,58,18,69.84
38,6.79,1,50,6,17,3,44,6,338.78
14,3.61,2,97,13,14,6,31,17,134.12
28,6.72,5,41,6,11,2,30,2,55.48
28,5.26,4,51,2,14,5,47,19,87.62
10,5.76,3,49,13,15,1,20,10,34.63
31,2.23,2,30,5,10,0,35,4,484.95
1,3.68,1,59,12,17,3,19,18,15.37
46,4.25,4,53,12,9,6,47,1,164.77
13,7.7,5,43,4,14,1,16,3,25.82
19,2.09,3,65,0,12,3,28,9,208.05
21,5.27,1,98,10,12,2,22,1,278.89
10,9.39,5,53,2,12,6,17,7,5.97
26,2.9,5,89,12,14,1,26,0,120.27
2,6.13,2,84,11,16,6,7,5,7.04
16,8.29,2,53,0,15,5,26,10,55.43
43,9.54,1,53,3,13,5,52,9,312.01
27,7.97,5,83,9,14,4,39,12,47.6
28,7.76,2,55,2,16,0,28,0,109.37
20,8.61,3,95,10,13,0,21,1,55.2
46,5.57,3,67,3,8,3,48,2,162.33
15,8.45,5,94,8,11,0,23,8,20.85
36,2.06,2,80,2,15,6,40,4,524.52
19,9.4,1,64,11,14,6,28,9,137.63
5,5.55,1,72,5,10,4,14,9,57.49
18,6.43,1,58,5,17,5,29,11,170.95
4,4.04,3,66,6,10,1,21,17,26.96
2,7.94,2,87,8,10,1,2,0,13.36
0,2.61,2,83,11,8,5,2,2,0.56
37,8.98,3,68,6,17,2,41,4,84.27
14,8.62,1,71,13,8,5,30,16,101.5
33,3.73,1,57,0,13,1,40,7,608.78
34,8.47,5,58,14,8,3,50,16,51.48
48,8.29,4,72,7,12,4,56,8,100.7
24,7.06,2,32,4,11,5,29,5,120.06
23,4.99,2,39,8,12,2,39,16,159.63
11,4.17,2,88,9,14,3,18,7,94.85
17,3.85,4,43,12,13,5,23,6,76.76
14,4.55,5,76,14,16,3,20,6,32.48
43,9.23,4,71,11,13,5,57,14,84.73
15,2.62,1,61,4,16,3,21,6,340.52
26,8.63,1,61,4,11,6,33,7,211.62
7,4.79,2,71,14,8,0,15,8,43.56
45,6.17,3,61,11,8,3,59,14,149.33
24,8.36,2,55,11,17,6,25,1,89.57
16,9.08,3,30,13,14,0,22,6,41.84
28,4.76,4,85,1,10,1,42,14,103.03
7,5.69,1,31,11,9,0,24,17,75.02
14,5.32,3,59,10,13,3,31,17,54.53
26,2.11,4,81,2,13,4,35,9,213.32
45,4.37,1,38,9,14,4,62,17,707.58
49,5.67,3,51,8,12,1,49,0,199.16
6,5.29,2,63,6,15,3,12,6,30.61
2,7.78,2,78,0,14,0,4,2,5.32
28,5.08,2,30,2,9,4,41,13,170.22
43,5.92,4,82,11,8,5,54,11,112.25
23,5.44,2,69,1,16,2,36,13,126.9
2,7.93,5,74,0,12,3,5,3,4.04
19,8.9,1,97,8,12,6,31,12,146.5
45,6.26,4,38,7,17,6,60,15,109.62
14,8.32,2,51,14,11,5,29,15,56.06
24,4.37,1,47,4,9,5,28,4,332.18
29,6.33,3,72,10,12,3,48,19,104.6
13,4.76,2,68,11,9,2,18,5,80.64
6,5.31,1,35,1,14,4,11,5,77.98
16,7.86,5,77,0,16,2,33,17,22.66
43,9.05,3,36,6,16,1,48,5,95.98
19,2.97,5,98,12,13,0,25,6,86.61
35,7.08,1,45,10,8,0,50,15,298.14
8,6.66,5,30,10,13,5,16,8,20.23
37,2.95,1,66,14,12,4,49,12,864.05
47,3.7,1,66,1,11,2,58,11,877.24
21,4.49,5,93,0,13,5,39,18,65.96
1,3.34,1,91,1,13,3,1,0,19.38
23,3.95,2,90,6,13,5,30,7,202.29
7,4.14,1,62,6,9,3,10,3,103.1
10,4.69,4,95,9,14,3,28,18,40.07
12,8.0,1,59,5,11,1,16,4,101.75
16,6.58,4,49,4,16,1,32,16,33.67
7,9.89,1,89,2,17,3,9,2,41.54
20,5.32,1,53,13,9,4,38,18,222.75
17,8.03,5,33,11,12,1,17,0,30.91
29,8.97,2,66,2,11,1,29,0,108.03
17,7.43,2,33,10,16,0,36,19,75.62
45,5.29,3,47,12,11,5,53,8,199.36
46,8.03,5,95,11,15,0,50,4,68.79
30,3.63,5,77,8,15,4,36,6,101.79
37,4.62,2,62,3,13,1,42,5,271.36
31,6.37,5,87,8,13,6,47,16,74.69
10,6.6,2,57,3,15,1,26,16,43.66
44,2.18,5,64,1,17,2,56,12,242.16
24,9.56,1,39,14,16,4,35,11,145.05
32,7.57,2,94,3,12,6,35,3,147.24
37,5.97,2,71,5,8,5,44,7,182.75
40,9.47,4,38,5,8,5,44,4,63.7
7,5.51,5,89,4,9,6,11,4,13.6
10,9.84,5,44,14,17,5,22,12,8.96
21,6.1,2,86,14,17,6,31,10,100.89
23,2.91,1,98,0,12,4,30,7,545.24
40,8.12,1,51,2,11,6,47,7,336.12
16,7.43,1,93,4,8,6,16,0,126.94
11,8.18,5,70,5,11,2,23,12,20.54
45,9.61,4,85,13,11,2,49,4,88.57
31,8.21,2,52,0,17,0,38,7,114.68
14,6.89,3,54,13,11,4,30,16,43.98
15,8.86,4,35,13,8,4,27,12,24.3
21,7.39,3,63,8,16,2,29,8,56.96
27,5.26,4,92,13,10,3,28,1,87.41
19,9.08,1,38,2,11,3,37,18,147.01
32,3.78,5,89,9,12,0,51,19,117.63
9,7.72,3,78,12,14,3,25,16,29.55
39,9.05,4,80,2,13,3,45,6,73.37
31,7.85,5,89,10,12,3,33,2,58.47
49,7.58,3,99,1,15,1,67,18,128.82
32,8.02,2,66,7,8,0,50,18,116.77
1,5.72,4,60,14,14,2,9,8,9.55
32,8.99,2,70,12,13,3,41,9,117.28
32,3.63,1,91,2,12,5,45,13,606.47
40,3.02,2,87,5,14,6,57,17,455.21
12,4.28,2,43,1,10,1,26,14,104.16
29,6.25,4,65,6,8,3,29,0,74.99
32,6.08,1,65,12,16,6,37,5,320.04
12,8.56,2,37,3,9,6,26,14,41.04
25,5.24,5,55,8,17,1,30,5,64.57
21,5.87,3,65,13,10,0,38,17,83.32
38,2.11,2,77,9,15,5,38,0,544.0
1,5.28,1,57,8,17,5,3,2,11.91
37,7.18,2,97,6,16,5,53,16,154.4
38,2.12,3,91,14,10,3,53,15,410.72
25,4.25,1,80,11,13,1,32,7,405.53
45,3.66,4,71,7,14,5,61,16,213.7
49,2.34,1,58,2,8,6,56,7,1259.73
14,5.83,4,39,10,14,6,30,16,41.3
33,3.45,1,68,4,11,4,41,8,663.81
41,7.94,3,30,1,12,4,52,11,109.8
43,8.78,3,68,9,15,1,61,18,99.44
48,6.36,1,50,6,11,3,51,3,522.52
39,9.85,2,94,12,11,3,49,10,139.99
10,5.6,3,44,7,15,0,13,3,35.5
